time.hrs,mo2,time.bin,probe,spps,date.day,date.month,date.year,trial.no,pcrit.type
5.052928333,2.22,10,NFB0009,olma,18,april,2017,2,closed
5.48207,2.34,10,NFB0009,olma,18,april,2017,2,closed
5.913463333,2.76,10,NFB0009,olma,18,april,2017,2,closed
6.353025,2.46,10,NFB0009,olma,18,april,2017,2,closed
6.792595,2.28,10,NFB0009,olma,18,april,2017,2,closed
7.227953333,2.34,10,NFB0009,olma,18,april,2017,2,closed
7.66146,2.1,10,NFB0009,olma,18,april,2017,2,closed
8.080118333,2.28,10,NFB0009,olma,18,april,2017,2,closed
8.519671667,2.04,10,NFB0009,olma,18,april,2017,2,closed
8.95296,2.04,10,NFB0009,olma,18,april,2017,2,closed
9.377911667,2.1,10,NFB0009,olma,18,april,2017,2,closed
9.819615,2.16,10,NFB0009,olma,18,april,2017,2,closed
10.24665,2.04,15,NFB0009,olma,18,april,2017,2,closed
10.68196833,2.1,15,NFB0009,olma,18,april,2017,2,closed
11.12994333,2.16,15,NFB0009,olma,18,april,2017,2,closed
11.546465,2.34,15,NFB0009,olma,18,april,2017,2,closed
11.97762,2.16,15,NFB0009,olma,18,april,2017,2,closed
12.41936667,2.28,15,NFB0009,olma,18,april,2017,2,closed
12.85265167,2.28,15,NFB0009,olma,18,april,2017,2,closed
13.26711167,2.16,15,NFB0009,olma,18,april,2017,2,closed
13.71502333,2.16,15,NFB0009,olma,18,april,2017,2,closed
14.58993333,2.34,15,NFB0009,olma,18,april,2017,2,closed
16.74581,2.1,20,NFB0009,olma,18,april,2017,2,closed
17.193805,1.98,20,NFB0009,olma,18,april,2017,2,closed
17.6104,2.1,20,NFB0009,olma,18,april,2017,2,closed
18.01855833,1.98,20,NFB0009,olma,18,april,2017,2,closed
18.50005167,2.22,20,NFB0009,olma,18,april,2017,2,closed
18.91441333,2.22,20,NFB0009,olma,18,april,2017,2,closed
19.34983,2.28,20,NFB0009,olma,18,april,2017,2,closed
19.76215,2.22,20,NFB0009,olma,18,april,2017,2,closed
20.21223,2.4,25,NFB0009,olma,18,april,2017,2,closed
20.637145,2.04,25,NFB0009,olma,18,april,2017,2,closed
21.060095,1.98,25,NFB0009,olma,18,april,2017,2,closed
21.50392,2.04,25,NFB0009,olma,18,april,2017,2,closed
21.92879667,2.1,25,NFB0009,olma,18,april,2017,2,closed
22.387205,2.22,25,NFB0009,olma,18,april,2017,2,closed
22.80157167,2.04,25,NFB0009,olma,18,april,2017,2,closed
23.2328,2.04,25,NFB0009,olma,18,april,2017,2,closed
23.65567333,2.1,25,NFB0009,olma,18,april,2017,2,closed
24.10143,2.04,25,NFB0009,olma,18,april,2017,2,closed
24.54087,1.98,25,NFB0009,olma,18,april,2017,2,closed
24.986675,2.1,25,NFB0009,olma,18,april,2017,2,closed
25.41989,2.04,30,NFB0009,olma,18,april,2017,2,closed
25.85316333,1.98,30,NFB0009,olma,18,april,2017,2,closed
26.28009333,2.16,30,NFB0009,olma,18,april,2017,2,closed
26.72794167,1.92,30,NFB0009,olma,18,april,2017,2,closed
27.15281167,2.16,30,NFB0009,olma,18,april,2017,2,closed
27.58817167,1.92,30,NFB0009,olma,18,april,2017,2,closed
28.019395,1.98,30,NFB0009,olma,18,april,2017,2,closed
28.45264833,2.1,30,NFB0009,olma,18,april,2017,2,closed
28.87747833,1.86,30,NFB0009,olma,18,april,2017,2,closed
29.33168333,1.8,30,NFB0009,olma,18,april,2017,2,closed
29.74615167,1.86,30,NFB0009,olma,18,april,2017,2,closed
30.18574167,1.62,35,NFB0009,olma,18,april,2017,2,closed
30.610575,2.1,35,NFB0009,olma,18,april,2017,2,closed
31.056545,1.98,35,NFB0009,olma,18,april,2017,2,closed
31.49612667,2.04,35,NFB0009,olma,18,april,2017,2,closed
31.91899,1.86,35,NFB0009,olma,18,april,2017,2,closed
32.34804,1.86,35,NFB0009,olma,18,april,2017,2,closed
32.78557,1.68,35,NFB0009,olma,18,april,2017,2,closed
33.220995,1.92,35,NFB0009,olma,18,april,2017,2,closed
33.64391333,1.68,35,NFB0009,olma,18,april,2017,2,closed
34.08338167,1.8,35,NFB0009,olma,18,april,2017,2,closed
34.50623333,1.74,35,NFB0009,olma,18,april,2017,2,closed
34.93318667,1.86,35,NFB0009,olma,18,april,2017,2,closed
35.36240833,1.92,40,NFB0009,olma,18,april,2017,2,closed
35.82505333,1.86,40,NFB0009,olma,18,april,2017,2,closed
36.22496167,1.86,40,NFB0009,olma,18,april,2017,2,closed
36.66644,1.86,40,NFB0009,olma,18,april,2017,2,closed
37.11436333,1.92,40,NFB0009,olma,18,april,2017,2,closed
37.54141667,1.62,40,NFB0009,olma,18,april,2017,2,closed
37.97059167,1.8,40,NFB0009,olma,18,april,2017,2,closed
38.39762167,1.8,40,NFB0009,olma,18,april,2017,2,closed
38.87493667,1.86,40,NFB0009,olma,18,april,2017,2,closed
39.27050667,1.68,40,NFB0009,olma,18,april,2017,2,closed
40.13283333,1.98,45,NFB0009,olma,18,april,2017,2,closed
40.56815333,1.8,45,NFB0009,olma,18,april,2017,2,closed
41.00774667,1.92,45,NFB0009,olma,18,april,2017,2,closed
41.451495,1.74,45,NFB0009,olma,18,april,2017,2,closed
41.87433,1.92,45,NFB0009,olma,18,april,2017,2,closed
42.30967167,1.86,45,NFB0009,olma,18,april,2017,2,closed
42.73672833,1.86,45,NFB0009,olma,18,april,2017,2,closed
43.176345,2.22,45,NFB0009,olma,18,april,2017,2,closed
43.60751833,1.92,45,NFB0009,olma,18,april,2017,2,closed
44.04709,1.86,45,NFB0009,olma,18,april,2017,2,closed
44.47199833,1.92,45,NFB0009,olma,18,april,2017,2,closed
44.91159167,1.86,45,NFB0009,olma,18,april,2017,2,closed
45.31567833,1.8,50,NFB0009,olma,18,april,2017,2,closed
45.757295,1.86,50,NFB0009,olma,18,april,2017,2,closed
46.18844167,1.92,50,NFB0009,olma,18,april,2017,2,closed
46.62372,1.92,50,NFB0009,olma,18,april,2017,2,closed
47.05280833,2.4,50,NFB0009,olma,18,april,2017,2,closed
47.492355,1.86,50,NFB0009,olma,18,april,2017,2,closed
47.94869167,2.1,50,NFB0009,olma,18,april,2017,2,closed
48.38401167,1.86,50,NFB0009,olma,18,april,2017,2,closed
48.80061333,1.98,50,NFB0009,olma,18,april,2017,2,closed
49.24434333,1.8,50,NFB0009,olma,18,april,2017,2,closed
49.68188,1.74,50,NFB0009,olma,18,april,2017,2,closed
50.09219333,1.74,55,NFB0009,olma,18,april,2017,2,closed
50.53792,1.8,55,NFB0009,olma,18,april,2017,2,closed
50.96484,2.04,55,NFB0009,olma,18,april,2017,2,closed
51.41270333,1.8,55,NFB0009,olma,18,april,2017,2,closed
51.83956167,1.8,55,NFB0009,olma,18,april,2017,2,closed
52.26649833,1.8,55,NFB0009,olma,18,april,2017,2,closed
52.72074667,1.74,55,NFB0009,olma,18,april,2017,2,closed
53.128745,1.62,55,NFB0009,olma,18,april,2017,2,closed
53.57460167,1.92,55,NFB0009,olma,18,april,2017,2,closed
54.01622833,1.8,55,NFB0009,olma,18,april,2017,2,closed
54.447435,1.98,55,NFB0009,olma,18,april,2017,2,closed
54.87648333,1.8,55,NFB0009,olma,18,april,2017,2,closed
55.30344667,1.8,60,NFB0009,olma,18,april,2017,2,closed
55.759765,1.98,60,NFB0009,olma,18,april,2017,2,closed
56.172095,1.92,60,NFB0009,olma,18,april,2017,2,closed
56.59914167,1.8,60,NFB0009,olma,18,april,2017,2,closed
57.05325,1.8,60,NFB0009,olma,18,april,2017,2,closed
57.47390667,1.8,60,NFB0009,olma,18,april,2017,2,closed
57.909355,1.56,60,NFB0009,olma,18,april,2017,2,closed
58.34477,1.62,60,NFB0009,olma,18,april,2017,2,closed
58.7613,1.86,60,NFB0009,olma,18,april,2017,2,closed
59.18408667,1.92,60,NFB0009,olma,18,april,2017,2,closed
59.63205667,1.86,60,NFB0009,olma,18,april,2017,2,closed
60.08212833,1.8,65,NFB0009,olma,18,april,2017,2,closed
60.50283333,1.8,65,NFB0009,olma,18,april,2017,2,closed
60.94017,1.74,65,NFB0009,olma,18,april,2017,2,closed
61.37139,1.68,65,NFB0009,olma,18,april,2017,2,closed
61.811045,1.98,65,NFB0009,olma,18,april,2017,2,closed
62.24017167,1.86,65,NFB0009,olma,18,april,2017,2,closed
62.677705,1.5,65,NFB0009,olma,18,april,2017,2,closed
63.11935333,1.86,65,NFB0009,olma,18,april,2017,2,closed
63.983925,1.68,65,NFB0009,olma,18,april,2017,2,closed
64.41512833,1.8,65,NFB0009,olma,18,april,2017,2,closed
64.84419667,1.92,65,NFB0009,olma,18,april,2017,2,closed
65.27736667,1.8,70,NFB0009,olma,18,april,2017,2,closed
65.72543,1.8,70,NFB0009,olma,18,april,2017,2,closed
66.12733667,1.74,70,NFB0009,olma,18,april,2017,2,closed
66.56695833,1.74,70,NFB0009,olma,18,april,2017,2,closed
5.055223333,2.091891892,10,NFB0012,olma,18,april,2017,2,closed
5.47812,2.189189189,10,NFB0012,olma,18,april,2017,2,closed
5.913533333,2.043243243,10,NFB0012,olma,18,april,2017,2,closed
6.351055,1.945945946,10,NFB0012,olma,18,april,2017,2,closed
6.775918333,1.897297297,10,NFB0012,olma,18,april,2017,2,closed
7.211213333,1.751351351,10,NFB0012,olma,18,april,2017,2,closed
7.652811667,1.8,10,NFB0012,olma,18,april,2017,2,closed
8.079793333,1.897297297,10,NFB0012,olma,18,april,2017,2,closed
8.525601667,1.702702703,10,NFB0012,olma,18,april,2017,2,closed
8.952606667,1.945945946,10,NFB0012,olma,18,april,2017,2,closed
9.392143333,2.140540541,10,NFB0012,olma,18,april,2017,2,closed
9.825405,1.945945946,10,NFB0012,olma,18,april,2017,2,closed
10.26278667,2.043243243,15,NFB0012,olma,18,april,2017,2,closed
10.70436833,1.994594595,15,NFB0012,olma,18,april,2017,2,closed
11.12931667,2.189189189,15,NFB0012,olma,18,april,2017,2,closed
11.53951833,1.848648649,15,NFB0012,olma,18,april,2017,2,closed
11.99185,2.140540541,15,NFB0012,olma,18,april,2017,2,closed
12.41047833,1.994594595,15,NFB0012,olma,18,april,2017,2,closed
12.845895,2.043243243,15,NFB0012,olma,18,april,2017,2,closed
13.27713,1.897297297,15,NFB0012,olma,18,april,2017,2,closed
13.72094667,1.848648649,15,NFB0012,olma,18,april,2017,2,closed
14.14796667,2.043243243,15,NFB0012,olma,18,april,2017,2,closed
14.58129667,1.848648649,15,NFB0012,olma,18,april,2017,2,closed
15.01458333,1.848648649,15,NFB0012,olma,18,april,2017,2,closed
15.46267667,1.994594595,20,NFB0012,olma,18,april,2017,2,closed
15.89184,1.945945946,20,NFB0012,olma,18,april,2017,2,closed
16.32727333,1.897297297,20,NFB0012,olma,18,april,2017,2,closed
16.76062,1.994594595,20,NFB0012,olma,18,april,2017,2,closed
17.18149333,1.8,20,NFB0012,olma,18,april,2017,2,closed
17.60434333,1.945945946,20,NFB0012,olma,18,april,2017,2,closed
18.04388,1.994594595,20,NFB0012,olma,18,april,2017,2,closed
18.48969667,2.237837838,20,NFB0012,olma,18,april,2017,2,closed
18.91458,1.8,20,NFB0012,olma,18,april,2017,2,closed
19.34168333,1.994594595,20,NFB0012,olma,18,april,2017,2,closed
19.77730667,1.897297297,20,NFB0012,olma,18,april,2017,2,closed
20.20847667,1.945945946,25,NFB0012,olma,18,april,2017,2,closed
20.65451,1.945945946,25,NFB0012,olma,18,april,2017,2,closed
21.08561667,1.897297297,25,NFB0012,olma,18,april,2017,2,closed
21.51264833,1.994594595,25,NFB0012,olma,18,april,2017,2,closed
21.94592333,1.945945946,25,NFB0012,olma,18,april,2017,2,closed
22.37521167,1.751351351,25,NFB0012,olma,18,april,2017,2,closed
22.81481833,2.286486486,25,NFB0012,olma,18,april,2017,2,closed
23.25247333,2.091891892,25,NFB0012,olma,18,april,2017,2,closed
23.67527833,1.994594595,25,NFB0012,olma,18,april,2017,2,closed
24.10863333,2.091891892,25,NFB0012,olma,18,april,2017,2,closed
24.550225,1.945945946,25,NFB0012,olma,18,april,2017,2,closed
24.98138833,2.189189189,25,NFB0012,olma,18,april,2017,2,closed
25.41881,2.237837838,30,NFB0012,olma,18,april,2017,2,closed
25.856285,1.945945946,30,NFB0012,olma,18,april,2017,2,closed
26.28122667,1.8,30,NFB0012,olma,18,april,2017,2,closed
26.72919167,1.994594595,30,NFB0012,olma,18,april,2017,2,closed
27.1708,2.043243243,30,NFB0012,olma,18,april,2017,2,closed
28.04577833,1.751351351,30,NFB0012,olma,18,april,2017,2,closed
28.47264333,2.091891892,30,NFB0012,olma,18,april,2017,2,closed
28.89131667,2.140540541,30,NFB0012,olma,18,april,2017,2,closed
29.31837333,1.897297297,30,NFB0012,olma,18,april,2017,2,closed
29.753725,1.994594595,30,NFB0012,olma,18,april,2017,2,closed
30.19324167,1.994594595,35,NFB0012,olma,18,april,2017,2,closed
30.63061167,2.043243243,35,NFB0012,olma,18,april,2017,2,closed
31.0597,1.897297297,35,NFB0012,olma,18,april,2017,2,closed
31.50142,1.945945946,35,NFB0012,olma,18,april,2017,2,closed
31.92422,1.8,35,NFB0012,olma,18,april,2017,2,closed
32.3554,1.848648649,35,NFB0012,olma,18,april,2017,2,closed
32.79068667,2.189189189,35,NFB0012,olma,18,april,2017,2,closed
33.236455,2.140540541,35,NFB0012,olma,18,april,2017,2,closed
33.6655,1.8,35,NFB0012,olma,18,april,2017,2,closed
34.10300167,1.848648649,35,NFB0012,olma,18,april,2017,2,closed
34.52795667,2.189189189,35,NFB0012,olma,18,april,2017,2,closed
34.959315,2.140540541,35,NFB0012,olma,18,april,2017,2,closed
35.40096167,1.8,40,NFB0012,olma,18,april,2017,2,closed
35.8302,1.897297297,40,NFB0012,olma,18,april,2017,2,closed
36.25506333,1.8,40,NFB0012,olma,18,april,2017,2,closed
36.70094333,1.945945946,40,NFB0012,olma,18,april,2017,2,closed
37.13414167,2.286486486,40,NFB0012,olma,18,april,2017,2,closed
37.57155333,2.043243243,40,NFB0012,olma,18,april,2017,2,closed
37.99855,1.897297297,40,NFB0012,olma,18,april,2017,2,closed
38.42978,1.897297297,40,NFB0012,olma,18,april,2017,2,closed
38.86296667,1.751351351,40,NFB0012,olma,18,april,2017,2,closed
39.28369167,2.189189189,40,NFB0012,olma,18,april,2017,2,closed
39.72107333,1.897297297,40,NFB0012,olma,18,april,2017,2,closed
40.16261833,1.848648649,45,NFB0012,olma,18,april,2017,2,closed
40.58955333,2.091891892,45,NFB0012,olma,18,april,2017,2,closed
41.014445,1.994594595,45,NFB0012,olma,18,april,2017,2,closed
41.45592,2.091891892,45,NFB0012,olma,18,april,2017,2,closed
41.87878667,1.848648649,45,NFB0012,olma,18,april,2017,2,closed
42.30995333,1.751351351,45,NFB0012,olma,18,april,2017,2,closed
42.74106667,1.994594595,45,NFB0012,olma,18,april,2017,2,closed
43.18698667,1.702702703,45,NFB0012,olma,18,april,2017,2,closed
43.62230167,2.043243243,45,NFB0012,olma,18,april,2017,2,closed
44.05761,1.994594595,45,NFB0012,olma,18,april,2017,2,closed
44.48028333,2.043243243,45,NFB0012,olma,18,april,2017,2,closed
44.91979833,1.945945946,45,NFB0012,olma,18,april,2017,2,closed
45.35303167,1.8,50,NFB0012,olma,18,april,2017,2,closed
45.78838667,1.848648649,50,NFB0012,olma,18,april,2017,2,closed
46.21959167,1.945945946,50,NFB0012,olma,18,april,2017,2,closed
46.64647833,1.994594595,50,NFB0012,olma,18,april,2017,2,closed
47.102705,1.945945946,50,NFB0012,olma,18,april,2017,2,closed
47.54225167,1.945945946,50,NFB0012,olma,18,april,2017,2,closed
47.96299333,2.189189189,50,NFB0012,olma,18,april,2017,2,closed
48.389995,1.994594595,50,NFB0012,olma,18,april,2017,2,closed
48.827465,1.897297297,50,NFB0012,olma,18,april,2017,2,closed
49.27326667,1.848648649,50,NFB0012,olma,18,april,2017,2,closed
49.69820167,1.848648649,50,NFB0012,olma,18,april,2017,2,closed
50.13351833,1.897297297,55,NFB0012,olma,18,april,2017,2,closed
50.56256667,1.897297297,55,NFB0012,olma,18,april,2017,2,closed
50.98527833,1.751351351,55,NFB0012,olma,18,april,2017,2,closed
51.41857667,1.848648649,55,NFB0012,olma,18,april,2017,2,closed
52.29767167,2.043243243,55,NFB0012,olma,18,april,2017,2,closed
52.73726833,1.702702703,55,NFB0012,olma,18,april,2017,2,closed
53.16016667,1.994594595,55,NFB0012,olma,18,april,2017,2,closed
53.58920333,1.897297297,55,NFB0012,olma,18,april,2017,2,closed
54.03296,1.848648649,55,NFB0012,olma,18,april,2017,2,closed
54.45576333,1.897297297,55,NFB0012,olma,18,april,2017,2,closed
54.89752333,1.848648649,55,NFB0012,olma,18,april,2017,2,closed
55.31837167,1.848648649,60,NFB0012,olma,18,april,2017,2,closed
55.76428,1.605405405,60,NFB0012,olma,18,april,2017,2,closed
56.18083833,1.897297297,60,NFB0012,olma,18,april,2017,2,closed
56.61009,1.702702703,60,NFB0012,olma,18,april,2017,2,closed
57.04749833,1.654054054,60,NFB0012,olma,18,april,2017,2,closed
57.484955,1.702702703,60,NFB0012,olma,18,april,2017,2,closed
57.93085333,1.994594595,60,NFB0012,olma,18,april,2017,2,closed
58.34334667,1.751351351,60,NFB0012,olma,18,april,2017,2,closed
58.78707333,1.8,60,NFB0012,olma,18,april,2017,2,closed
59.21827167,1.702702703,60,NFB0012,olma,18,april,2017,2,closed
59.66413,1.751351351,60,NFB0012,olma,18,april,2017,2,closed
60.09951167,1.751351351,65,NFB0012,olma,18,april,2017,2,closed
60.51597833,1.8,65,NFB0012,olma,18,april,2017,2,closed
60.96392333,1.605405405,65,NFB0012,olma,18,april,2017,2,closed
61.39301833,1.556756757,65,NFB0012,olma,18,april,2017,2,closed
61.83251333,1.702702703,65,NFB0012,olma,18,april,2017,2,closed
62.257425,1.654054054,65,NFB0012,olma,18,april,2017,2,closed
62.70118,1.556756757,65,NFB0012,olma,18,april,2017,2,closed
63.12611,2.335135135,65,NFB0012,olma,18,april,2017,2,closed
63.55739167,1.751351351,65,NFB0012,olma,18,april,2017,2,closed
63.98444333,2.091891892,65,NFB0012,olma,18,april,2017,2,closed
64.41142,1.508108108,65,NFB0012,olma,18,april,2017,2,closed
64.85095,1.702702703,65,NFB0012,olma,18,april,2017,2,closed
65.27383667,1.994594595,70,NFB0012,olma,18,april,2017,2,closed
65.71341333,1.654054054,70,NFB0012,olma,18,april,2017,2,closed
66.14460833,1.702702703,70,NFB0012,olma,18,april,2017,2,closed
66.59049833,1.945945946,70,NFB0012,olma,18,april,2017,2,closed
5.019498333,2.984210526,10,NFB0014,olma,18,april,2017,2,closed
5.454826667,2.747368421,10,NFB0014,olma,18,april,2017,2,closed
5.890221667,2.7,10,NFB0014,olma,18,april,2017,2,closed
6.31939,2.794736842,10,NFB0014,olma,18,april,2017,2,closed
6.758943333,2.747368421,10,NFB0014,olma,18,april,2017,2,closed
7.183806667,2.7,10,NFB0014,olma,18,april,2017,2,closed
7.62543,2.652631579,10,NFB0014,olma,18,april,2017,2,closed
8.0588,2.557894737,10,NFB0014,olma,18,april,2017,2,closed
8.48784,2.747368421,10,NFB0014,olma,18,april,2017,2,closed
8.921095,2.605263158,10,NFB0014,olma,18,april,2017,2,closed
9.350155,2.652631579,10,NFB0014,olma,18,april,2017,2,closed
9.793921667,2.7,10,NFB0014,olma,18,april,2017,2,closed
10.22513,2.415789474,15,NFB0014,olma,18,april,2017,2,closed
10.658555,2.415789474,15,NFB0014,olma,18,april,2017,2,closed
11.09601667,2.226315789,15,NFB0014,olma,18,april,2017,2,closed
11.518845,2.747368421,15,NFB0014,olma,18,april,2017,2,closed
11.95841,2.510526316,15,NFB0014,olma,18,april,2017,2,closed
12.38749167,2.557894737,15,NFB0014,olma,18,april,2017,2,closed
12.837405,2.415789474,15,NFB0014,olma,18,april,2017,2,closed
13.26019167,2.510526316,15,NFB0014,olma,18,april,2017,2,closed
13.69349,2.605263158,15,NFB0014,olma,18,april,2017,2,closed
14.11627667,2.510526316,15,NFB0014,olma,18,april,2017,2,closed
14.536985,2.463157895,15,NFB0014,olma,18,april,2017,2,closed
14.98277667,2.557894737,15,NFB0014,olma,18,april,2017,2,closed
15.41597167,2.368421053,20,NFB0014,olma,18,april,2017,2,closed
15.86608167,2.510526316,20,NFB0014,olma,18,april,2017,2,closed
16.27631667,1.610526316,20,NFB0014,olma,18,april,2017,2,closed
16.732625,2.084210526,20,NFB0014,olma,18,april,2017,2,closed
17.16385833,2.178947368,20,NFB0014,olma,18,april,2017,2,closed
17.59505,2.794736842,20,NFB0014,olma,18,april,2017,2,closed
18.01998167,2.605263158,20,NFB0014,olma,18,april,2017,2,closed
18.46374167,2.321052632,20,NFB0014,olma,18,april,2017,2,closed
18.878225,2.510526316,20,NFB0014,olma,18,april,2017,2,closed
19.33066667,2.794736842,20,NFB0014,olma,18,april,2017,2,closed
19.75969,2.131578947,20,NFB0014,olma,18,april,2017,2,closed
20.19505167,2.321052632,25,NFB0014,olma,18,april,2017,2,closed
20.62218667,1.989473684,25,NFB0014,olma,18,april,2017,2,closed
21.06609333,2.084210526,25,NFB0014,olma,18,april,2017,2,closed
21.48896833,2.415789474,25,NFB0014,olma,18,april,2017,2,closed
21.92442833,1.847368421,25,NFB0014,olma,18,april,2017,2,closed
22.35139,2.131578947,25,NFB0014,olma,18,april,2017,2,closed
22.79307167,2.510526316,25,NFB0014,olma,18,april,2017,2,closed
23.23058667,2.321052632,25,NFB0014,olma,18,april,2017,2,closed
23.66603167,2.273684211,25,NFB0014,olma,18,april,2017,2,closed
24.09309667,2.652631579,25,NFB0014,olma,18,april,2017,2,closed
24.52219667,2.178947368,25,NFB0014,olma,18,april,2017,2,closed
24.95965333,2.131578947,25,NFB0014,olma,18,april,2017,2,closed
25.39501667,2.226315789,30,NFB0014,olma,18,april,2017,2,closed
25.82209667,1.989473684,30,NFB0014,olma,18,april,2017,2,closed
26.25330167,2.652631579,30,NFB0014,olma,18,april,2017,2,closed
26.674015,2.273684211,30,NFB0014,olma,18,april,2017,2,closed
27.11150167,1.847368421,30,NFB0014,olma,18,april,2017,2,closed
27.99055333,2.321052632,30,NFB0014,olma,18,april,2017,2,closed
28.4197,2.510526316,30,NFB0014,olma,18,april,2017,2,closed
28.84887333,1.847368421,30,NFB0014,olma,18,april,2017,2,closed
29.27378,2.368421053,30,NFB0014,olma,18,april,2017,2,closed
29.72794333,2.321052632,30,NFB0014,olma,18,april,2017,2,closed
30.15289833,2.084210526,35,NFB0014,olma,18,april,2017,2,closed
30.56529833,2.368421053,35,NFB0014,olma,18,april,2017,2,closed
31.000645,2.036842105,35,NFB0014,olma,18,april,2017,2,closed
31.436065,2.084210526,35,NFB0014,olma,18,april,2017,2,closed
31.88617,2.178947368,35,NFB0014,olma,18,april,2017,2,closed
32.31530833,2.273684211,35,NFB0014,olma,18,april,2017,2,closed
32.74648167,2.415789474,35,NFB0014,olma,18,april,2017,2,closed
33.60470833,2.605263158,35,NFB0014,olma,18,april,2017,2,closed
34.05893667,2.178947368,35,NFB0014,olma,18,april,2017,2,closed
34.49648,2.605263158,35,NFB0014,olma,18,april,2017,2,closed
34.90880333,2.368421053,35,NFB0014,olma,18,april,2017,2,closed
35.3526,2.178947368,40,NFB0014,olma,18,april,2017,2,closed
35.77332,1.894736842,40,NFB0014,olma,18,april,2017,2,closed
36.20875333,1.847368421,40,NFB0014,olma,18,april,2017,2,closed
36.646265,1.894736842,40,NFB0014,olma,18,april,2017,2,closed
37.08587167,1.894736842,40,NFB0014,olma,18,april,2017,2,closed
37.51496167,2.321052632,40,NFB0014,olma,18,april,2017,2,closed
37.939845,1.8,40,NFB0014,olma,18,april,2017,2,closed
38.39413667,2.084210526,40,NFB0014,olma,18,april,2017,2,closed
38.82736833,1.847368421,40,NFB0014,olma,18,april,2017,2,closed
39.258525,1.989473684,40,NFB0014,olma,18,april,2017,2,closed
39.68976333,2.415789474,40,NFB0014,olma,18,april,2017,2,closed
40.11463833,2.321052632,45,NFB0014,olma,18,april,2017,2,closed
40.55830167,1.942105263,45,NFB0014,olma,18,april,2017,2,closed
41.01049167,2.842105263,45,NFB0014,olma,18,april,2017,2,closed
41.41226167,2.178947368,45,NFB0014,olma,18,april,2017,2,closed
41.86227167,1.894736842,45,NFB0014,olma,18,april,2017,2,closed
42.29551,2.131578947,45,NFB0014,olma,18,april,2017,2,closed
42.724525,1.894736842,45,NFB0014,olma,18,april,2017,2,closed
43.14947333,2.036842105,45,NFB0014,olma,18,april,2017,2,closed
43.58483667,2.321052632,45,NFB0014,olma,18,april,2017,2,closed
44.02439667,2.036842105,45,NFB0014,olma,18,april,2017,2,closed
44.451425,2.652631579,45,NFB0014,olma,18,april,2017,2,closed
44.89719333,2.273684211,45,NFB0014,olma,18,april,2017,2,closed
45.30963,2.226315789,50,NFB0014,olma,18,april,2017,2,closed
45.77007,2.226315789,50,NFB0014,olma,18,april,2017,2,closed
46.18237333,2.178947368,50,NFB0014,olma,18,april,2017,2,closed
46.62396833,2.178947368,50,NFB0014,olma,18,april,2017,2,closed
47.04680167,2.415789474,50,NFB0014,olma,18,april,2017,2,closed
47.46961,2.226315789,50,NFB0014,olma,18,april,2017,2,closed
47.91752667,2.415789474,50,NFB0014,olma,18,april,2017,2,closed
48.35280833,2.131578947,50,NFB0014,olma,18,april,2017,2,closed
48.78397667,2.036842105,50,NFB0014,olma,18,april,2017,2,closed
49.22568,2.084210526,50,NFB0014,olma,18,april,2017,2,closed
49.67149667,2.084210526,50,NFB0014,olma,18,april,2017,2,closed
50.08601833,1.989473684,55,NFB0014,olma,18,april,2017,2,closed
50.51727,1.989473684,55,NFB0014,olma,18,april,2017,2,closed
50.95267333,2.131578947,55,NFB0014,olma,18,april,2017,2,closed
51.38802167,2.321052632,55,NFB0014,olma,18,april,2017,2,closed
51.81913167,2.747368421,55,NFB0014,olma,18,april,2017,2,closed
52.25664167,1.989473684,55,NFB0014,olma,18,april,2017,2,closed
52.68569,2.084210526,55,NFB0014,olma,18,april,2017,2,closed
53.12739333,1.942105263,55,NFB0014,olma,18,april,2017,2,closed
53.55649833,2.036842105,55,NFB0014,olma,18,april,2017,2,closed
54.00236167,2.178947368,55,NFB0014,olma,18,april,2017,2,closed
54.433555,2.036842105,55,NFB0014,olma,18,april,2017,2,closed
54.86492667,1.894736842,55,NFB0014,olma,18,april,2017,2,closed
55.28563333,2.226315789,60,NFB0014,olma,18,april,2017,2,closed
55.723125,1.8,60,NFB0014,olma,18,april,2017,2,closed
56.15638833,2.226315789,60,NFB0014,olma,18,april,2017,2,closed
56.58755833,1.894736842,60,NFB0014,olma,18,april,2017,2,closed
57.012435,1.8,60,NFB0014,olma,18,april,2017,2,closed
57.45612,2.084210526,60,NFB0014,olma,18,april,2017,2,closed
57.89353167,1.942105263,60,NFB0014,olma,18,april,2017,2,closed
58.32675,2.084210526,60,NFB0014,olma,18,april,2017,2,closed
58.75995333,1.894736842,60,NFB0014,olma,18,april,2017,2,closed
59.18886167,2.226315789,60,NFB0014,olma,18,april,2017,2,closed
59.62418,2.463157895,60,NFB0014,olma,18,april,2017,2,closed
60.05744667,2.226315789,65,NFB0014,olma,18,april,2017,2,closed
60.48445,2.368421053,65,NFB0014,olma,18,april,2017,2,closed
60.92189333,1.894736842,65,NFB0014,olma,18,april,2017,2,closed
61.35722167,1.894736842,65,NFB0014,olma,18,april,2017,2,closed
61.78417667,2.084210526,65,NFB0014,olma,18,april,2017,2,closed
62.22171667,1.894736842,65,NFB0014,olma,18,april,2017,2,closed
62.65079833,1.847368421,65,NFB0014,olma,18,april,2017,2,closed
63.10285167,1.847368421,65,NFB0014,olma,18,april,2017,2,closed
63.50891667,2.368421053,65,NFB0014,olma,18,april,2017,2,closed
63.94423333,2.178947368,65,NFB0014,olma,18,april,2017,2,closed
64.385835,2.321052632,65,NFB0014,olma,18,april,2017,2,closed
64.82328667,2.178947368,65,NFB0014,olma,18,april,2017,2,closed
65.262685,2.084210526,70,NFB0014,olma,18,april,2017,2,closed
65.70637167,2.463157895,70,NFB0014,olma,18,april,2017,2,closed
66.13129,2.652631579,70,NFB0014,olma,18,april,2017,2,closed
66.562395,2.226315789,70,NFB0014,olma,18,april,2017,2,closed
5.08826,2.528571429,10,NFB0009,clgl,28,april,2017,1,semi-closed
5.509031667,2.357142857,10,NFB0009,clgl,28,april,2017,1,semi-closed
5.927725,2.357142857,10,NFB0009,clgl,28,april,2017,1,semi-closed
6.363183333,2.4,10,NFB0009,clgl,28,april,2017,1,semi-closed
6.794403333,2.442857143,10,NFB0009,clgl,28,april,2017,1,semi-closed
7.227685,2.228571429,10,NFB0009,clgl,28,april,2017,1,semi-closed
7.671513333,2.528571429,10,NFB0009,clgl,28,april,2017,1,semi-closed
8.090235,2.4,10,NFB0009,clgl,28,april,2017,1,semi-closed
8.548596667,2.142857143,10,NFB0009,clgl,28,april,2017,1,semi-closed
8.984056667,2.228571429,10,NFB0009,clgl,28,april,2017,1,semi-closed
9.40492,2.4,10,NFB0009,clgl,28,april,2017,1,semi-closed
9.840353333,2.528571429,10,NFB0009,clgl,28,april,2017,1,semi-closed
10.25702667,2.228571429,15,NFB0009,clgl,28,april,2017,1,semi-closed
10.70718833,2.185714286,15,NFB0009,clgl,28,april,2017,1,semi-closed
11.14257833,3.342857143,15,NFB0009,clgl,28,april,2017,1,semi-closed
11.57586833,2.314285714,15,NFB0009,clgl,28,april,2017,1,semi-closed
11.98823,2.057142857,15,NFB0009,clgl,28,april,2017,1,semi-closed
12.42989167,2.314285714,15,NFB0009,clgl,28,april,2017,1,semi-closed
12.85909833,2.185714286,15,NFB0009,clgl,28,april,2017,1,semi-closed
13.29657167,2.185714286,15,NFB0009,clgl,28,april,2017,1,semi-closed
13.73416,2.1,15,NFB0009,clgl,28,april,2017,1,semi-closed
14.16972167,2.185714286,15,NFB0009,clgl,28,april,2017,1,semi-closed
14.59043167,2.142857143,15,NFB0009,clgl,28,april,2017,1,semi-closed
15.044715,2.271428571,20,NFB0009,clgl,28,april,2017,1,semi-closed
15.46962333,2.271428571,20,NFB0009,clgl,28,april,2017,1,semi-closed
15.86528833,2.571428571,20,NFB0009,clgl,28,april,2017,1,semi-closed
16.36774833,1.971428571,20,NFB0009,clgl,28,april,2017,1,semi-closed
16.76340167,2.228571429,20,NFB0009,clgl,28,april,2017,1,semi-closed
17.18837167,1.971428571,20,NFB0009,clgl,28,april,2017,1,semi-closed
17.63216833,2.185714286,20,NFB0009,clgl,28,april,2017,1,semi-closed
18.06545333,2.485714286,20,NFB0009,clgl,28,april,2017,1,semi-closed
18.507215,2.185714286,20,NFB0009,clgl,28,april,2017,1,semi-closed
18.94061667,2.014285714,20,NFB0009,clgl,28,april,2017,1,semi-closed
19.36976,2.142857143,20,NFB0009,clgl,28,april,2017,1,semi-closed
19.809335,2.271428571,20,NFB0009,clgl,28,april,2017,1,semi-closed
20.22815833,2.1,25,NFB0009,clgl,28,april,2017,1,semi-closed
20.66573833,2.228571429,25,NFB0009,clgl,28,april,2017,1,semi-closed
21.09274167,2.271428571,25,NFB0009,clgl,28,april,2017,1,semi-closed
21.53654667,2.528571429,25,NFB0009,clgl,28,april,2017,1,semi-closed
21.971975,2.142857143,25,NFB0009,clgl,28,april,2017,1,semi-closed
22.38024667,2.614285714,25,NFB0009,clgl,28,april,2017,1,semi-closed
22.84501667,2.314285714,25,NFB0009,clgl,28,april,2017,1,semi-closed
5.072026667,3.402439024,10,NFB0010,clgl,28,april,2017,1,semi-closed
5.473896667,3.731707317,10,NFB0010,clgl,28,april,2017,1,semi-closed
5.913513333,4.52195122,10,NFB0010,clgl,28,april,2017,1,semi-closed
6.34059,3.797560976,10,NFB0010,clgl,28,april,2017,1,semi-closed
6.776028333,6.782926829,10,NFB0010,clgl,28,april,2017,1,semi-closed
7.1695,7.485365854,10,NFB0010,clgl,28,april,2017,1,semi-closed
7.680278333,4.93902439,10,NFB0010,clgl,28,april,2017,1,semi-closed
8.015221667,6.870731707,10,NFB0010,clgl,28,april,2017,1,semi-closed
8.523855,5.553658537,10,NFB0010,clgl,28,april,2017,1,semi-closed
9.377836667,6.124390244,10,NFB0010,clgl,28,april,2017,1,semi-closed
9.832115,3.490243902,10,NFB0010,clgl,28,april,2017,1,semi-closed
10.26128167,4.895121951,15,NFB0010,clgl,28,april,2017,1,semi-closed
10.68003333,3.709756098,15,NFB0010,clgl,28,april,2017,1,semi-closed
11.12163,4.543902439,15,NFB0010,clgl,28,april,2017,1,semi-closed
11.54032167,3.885365854,15,NFB0010,clgl,28,april,2017,1,semi-closed
11.97151667,3.095121951,15,NFB0010,clgl,28,april,2017,1,semi-closed
12.41322667,3.358536585,15,NFB0010,clgl,28,april,2017,1,semi-closed
12.898915,4.456097561,15,NFB0010,clgl,28,april,2017,1,semi-closed
13.31973167,3.534146341,15,NFB0010,clgl,28,april,2017,1,semi-closed
13.71324167,3.62195122,15,NFB0010,clgl,28,april,2017,1,semi-closed
14.16337167,3.248780488,15,NFB0010,clgl,28,april,2017,1,semi-closed
14.59452167,2.963414634,15,NFB0010,clgl,28,april,2017,1,semi-closed
15.03210667,5.751219512,20,NFB0010,clgl,28,april,2017,1,semi-closed
15.46966,3.402439024,20,NFB0010,clgl,28,april,2017,1,semi-closed
15.90089,2.963414634,20,NFB0010,clgl,28,april,2017,1,semi-closed
16.32164833,4.324390244,20,NFB0010,clgl,28,april,2017,1,semi-closed
16.71529,6.343902439,20,NFB0010,clgl,28,april,2017,1,semi-closed
17.17160833,3.16097561,20,NFB0010,clgl,28,april,2017,1,semi-closed
17.604925,3.358536585,20,NFB0010,clgl,28,april,2017,1,semi-closed
18.06969667,3.446341463,20,NFB0010,clgl,28,april,2017,1,semi-closed
18.51349333,3.117073171,20,NFB0010,clgl,28,april,2017,1,semi-closed
18.93216167,3.643902439,20,NFB0010,clgl,28,april,2017,1,semi-closed
19.33608,2.963414634,20,NFB0010,clgl,28,april,2017,1,semi-closed
19.78402833,3.182926829,20,NFB0010,clgl,28,april,2017,1,semi-closed
20.223525,4.653658537,25,NFB0010,clgl,28,april,2017,1,semi-closed
20.625515,2.72195122,25,NFB0010,clgl,28,april,2017,1,semi-closed
21.08599667,2.875609756,25,NFB0010,clgl,28,april,2017,1,semi-closed
21.494185,2.963414634,25,NFB0010,clgl,28,april,2017,1,semi-closed
21.95679,3.073170732,25,NFB0010,clgl,28,april,2017,1,semi-closed
22.39431667,3.270731707,25,NFB0010,clgl,28,april,2017,1,semi-closed
22.808655,2.941463415,25,NFB0010,clgl,28,april,2017,1,semi-closed
5.16844,2.133333333,10,NFB0012,olma,28,april,2017,3,semi-closed
5.603901667,2.8,10,NFB0012,olma,28,april,2017,3,semi-closed
6.037271667,2.133333333,10,NFB0012,olma,28,april,2017,3,semi-closed
6.455918333,2.133333333,10,NFB0012,olma,28,april,2017,3,semi-closed
6.89127,2.222222222,10,NFB0012,olma,28,april,2017,3,semi-closed
7.318245,2.266666667,10,NFB0012,olma,28,april,2017,3,semi-closed
7.764055,1.822222222,10,NFB0012,olma,28,april,2017,3,semi-closed
8.19746,2,10,NFB0012,olma,28,april,2017,3,semi-closed
8.630808333,2.222222222,10,NFB0012,olma,28,april,2017,3,semi-closed
9.053636667,2.044444444,10,NFB0012,olma,28,april,2017,3,semi-closed
9.497438333,2.044444444,10,NFB0012,olma,28,april,2017,3,semi-closed
9.922228333,2.088888889,10,NFB0012,olma,28,april,2017,3,semi-closed
10.36387667,2,15,NFB0012,olma,28,april,2017,3,semi-closed
10.782455,1.866666667,15,NFB0012,olma,28,april,2017,3,semi-closed
11.23251167,1.955555556,15,NFB0012,olma,28,april,2017,3,semi-closed
11.65320667,2.355555556,15,NFB0012,olma,28,april,2017,3,semi-closed
12.094845,1.733333333,15,NFB0012,olma,28,april,2017,3,semi-closed
12.52396833,1.822222222,15,NFB0012,olma,28,april,2017,3,semi-closed
12.96148667,1.955555556,15,NFB0012,olma,28,april,2017,3,semi-closed
13.41792,2.088888889,15,NFB0012,olma,28,april,2017,3,semi-closed
13.83235833,2,15,NFB0012,olma,28,april,2017,3,semi-closed
14.26147667,2.044444444,15,NFB0012,olma,28,april,2017,3,semi-closed
14.66334333,2.044444444,15,NFB0012,olma,28,april,2017,3,semi-closed
15.12383667,1.911111111,20,NFB0012,olma,28,april,2017,3,semi-closed
15.55920667,1.866666667,20,NFB0012,olma,28,april,2017,3,semi-closed
15.986215,1.955555556,20,NFB0012,olma,28,april,2017,3,semi-closed
16.41535833,1.911111111,20,NFB0012,olma,28,april,2017,3,semi-closed
16.87169,1.733333333,20,NFB0012,olma,28,april,2017,3,semi-closed
17.313345,2.133333333,20,NFB0012,olma,28,april,2017,3,semi-closed
17.729925,2.266666667,20,NFB0012,olma,28,april,2017,3,semi-closed
18.163245,1.822222222,20,NFB0012,olma,28,april,2017,3,semi-closed
18.58607833,2,20,NFB0012,olma,28,april,2017,3,semi-closed
19.02785167,1.822222222,20,NFB0012,olma,28,april,2017,3,semi-closed
19.47160333,2.133333333,20,NFB0012,olma,28,april,2017,3,semi-closed
19.89035667,1.955555556,20,NFB0012,olma,28,april,2017,3,semi-closed
20.32571,1.955555556,25,NFB0012,olma,28,april,2017,3,semi-closed
20.761105,1.911111111,25,NFB0012,olma,28,april,2017,3,semi-closed
21.19019167,2.088888889,25,NFB0012,olma,28,april,2017,3,semi-closed
21.619315,1.866666667,25,NFB0012,olma,28,april,2017,3,semi-closed
22.05054167,2,25,NFB0012,olma,28,april,2017,3,semi-closed
22.490055,2.044444444,25,NFB0012,olma,28,april,2017,3,semi-closed
22.92328667,2,25,NFB0012,olma,28,april,2017,3,semi-closed
23.352345,2,25,NFB0012,olma,28,april,2017,3,semi-closed
23.79813833,2.044444444,25,NFB0012,olma,28,april,2017,3,semi-closed
24.21467667,2,25,NFB0012,olma,28,april,2017,3,semi-closed
24.67314667,2.133333333,25,NFB0012,olma,28,april,2017,3,semi-closed
25.09390333,2.266666667,30,NFB0012,olma,28,april,2017,3,semi-closed
25.51890667,1.911111111,30,NFB0012,olma,28,april,2017,3,semi-closed
25.96475,2.177777778,30,NFB0012,olma,28,april,2017,3,semi-closed
26.38133833,1.911111111,30,NFB0012,olma,28,april,2017,3,semi-closed
26.82723,2,30,NFB0012,olma,28,april,2017,3,semi-closed
27.25628167,2.044444444,30,NFB0012,olma,28,april,2017,3,semi-closed
27.68333333,2.044444444,30,NFB0012,olma,28,april,2017,3,semi-closed
28.11871167,2.133333333,30,NFB0012,olma,28,april,2017,3,semi-closed
28.560375,2.088888889,30,NFB0012,olma,28,april,2017,3,semi-closed
28.98109333,2.311111111,30,NFB0012,olma,28,april,2017,3,semi-closed
29.42483167,2.088888889,30,NFB0012,olma,28,april,2017,3,semi-closed
29.86864833,1.955555556,30,NFB0012,olma,28,april,2017,3,semi-closed
30.28945,2.311111111,35,NFB0012,olma,28,april,2017,3,semi-closed
30.73325833,2.133333333,35,NFB0012,olma,28,april,2017,3,semi-closed
31.14149167,2.488888889,35,NFB0012,olma,28,april,2017,3,semi-closed
31.58311167,2.222222222,35,NFB0012,olma,28,april,2017,3,semi-closed
32.016495,2.044444444,35,NFB0012,olma,28,april,2017,3,semi-closed
32.45628,2.133333333,35,NFB0012,olma,28,april,2017,3,semi-closed
32.88325167,2.044444444,35,NFB0012,olma,28,april,2017,3,semi-closed
33.32497,2,35,NFB0012,olma,28,april,2017,3,semi-closed
33.74979833,1.955555556,35,NFB0012,olma,28,april,2017,3,semi-closed
34.18309333,2.044444444,35,NFB0012,olma,28,april,2017,3,semi-closed
34.62474667,1.911111111,35,NFB0012,olma,28,april,2017,3,semi-closed
35.091615,2.044444444,40,NFB0012,olma,28,april,2017,3,semi-closed
35.46631667,2.311111111,40,NFB0012,olma,28,april,2017,3,semi-closed
35.92060833,1.911111111,40,NFB0012,olma,28,april,2017,3,semi-closed
36.353775,2,40,NFB0012,olma,28,april,2017,3,semi-closed
36.80384333,2.622222222,40,NFB0012,olma,28,april,2017,3,semi-closed
37.21829,2.044444444,40,NFB0012,olma,28,april,2017,3,semi-closed
37.641105,1.911111111,40,NFB0012,olma,28,april,2017,3,semi-closed
38.08062833,1.866666667,40,NFB0012,olma,28,april,2017,3,semi-closed
38.50553833,1.955555556,40,NFB0012,olma,28,april,2017,3,semi-closed
38.94928,1.822222222,40,NFB0012,olma,28,april,2017,3,semi-closed
39.386795,2.311111111,40,NFB0012,olma,28,april,2017,3,semi-closed
39.828505,1.733333333,40,NFB0012,olma,28,april,2017,3,semi-closed
40.23249167,1.822222222,45,NFB0012,olma,28,april,2017,3,semi-closed
40.67203,2,45,NFB0012,olma,28,april,2017,3,semi-closed
41.11791667,1.777777778,45,NFB0012,olma,28,april,2017,3,semi-closed
41.551295,1.955555556,45,NFB0012,olma,28,april,2017,3,semi-closed
41.99504833,2.177777778,45,NFB0012,olma,28,april,2017,3,semi-closed
42.422035,2.044444444,45,NFB0012,olma,28,april,2017,3,semi-closed
42.86367667,1.955555556,45,NFB0012,olma,28,april,2017,3,semi-closed
43.29488667,1.911111111,45,NFB0012,olma,28,april,2017,3,semi-closed
43.73032333,2.133333333,45,NFB0012,olma,28,april,2017,3,semi-closed
44.159385,2.088888889,45,NFB0012,olma,28,april,2017,3,semi-closed
44.58222833,2.044444444,45,NFB0012,olma,28,april,2017,3,semi-closed
5.04495,1.968,10,NFB0014,olma,28,april,2017,3,semi-closed
5.47621,2.256,10,NFB0014,olma,28,april,2017,3,semi-closed
5.905351667,2.16,10,NFB0014,olma,28,april,2017,3,semi-closed
6.342876667,2.112,10,NFB0014,olma,28,april,2017,3,semi-closed
6.769946667,3.312,10,NFB0014,olma,28,april,2017,3,semi-closed
7.219901667,1.872,10,NFB0014,olma,28,april,2017,3,semi-closed
7.653266667,2.208,10,NFB0014,olma,28,april,2017,3,semi-closed
8.096986667,2.256,10,NFB0014,olma,28,april,2017,3,semi-closed
8.526111667,2.112,10,NFB0014,olma,28,april,2017,3,semi-closed
8.948953333,2.304,10,NFB0014,olma,28,april,2017,3,semi-closed
9.392728333,2.112,10,NFB0014,olma,28,april,2017,3,semi-closed
9.819798333,2.112,10,NFB0014,olma,28,april,2017,3,semi-closed
10.244765,2.208,15,NFB0014,olma,28,april,2017,3,semi-closed
10.69479167,2.064,15,NFB0014,olma,28,april,2017,3,semi-closed
11.11553833,1.92,15,NFB0014,olma,28,april,2017,3,semi-closed
11.54672667,2.064,15,NFB0014,olma,28,april,2017,3,semi-closed
11.98005333,2.16,15,NFB0014,olma,28,april,2017,3,semi-closed
12.42997333,2.016,15,NFB0014,olma,28,april,2017,3,semi-closed
12.82769167,2.832,15,NFB0014,olma,28,april,2017,3,semi-closed
13.27360333,2.064,15,NFB0014,olma,28,april,2017,3,semi-closed
13.72368333,1.968,15,NFB0014,olma,28,april,2017,3,semi-closed
14.15914833,3.552,15,NFB0014,olma,28,april,2017,3,semi-closed
14.58409333,2.4,15,NFB0014,olma,28,april,2017,3,semi-closed
15.01320667,2.304,20,NFB0014,olma,28,april,2017,3,semi-closed
15.45910333,2.256,20,NFB0014,olma,28,april,2017,3,semi-closed
15.88179833,2.208,20,NFB0014,olma,28,april,2017,3,semi-closed
16.319395,2.16,20,NFB0014,olma,28,april,2017,3,semi-closed
16.73808,1.968,20,NFB0014,olma,28,april,2017,3,semi-closed
17.16726833,2.16,20,NFB0014,olma,28,april,2017,3,semi-closed
17.60682333,2.16,20,NFB0014,olma,28,april,2017,3,semi-closed
18.046415,2.256,20,NFB0014,olma,28,april,2017,3,semi-closed
18.485945,2.208,20,NFB0014,olma,28,april,2017,3,semi-closed
18.90877,2.256,20,NFB0014,olma,28,april,2017,3,semi-closed
19.304365,6.192,20,NFB0014,olma,28,april,2017,3,semi-closed
19.78801833,2.256,20,NFB0014,olma,28,april,2017,3,semi-closed
20.20879667,2.112,25,NFB0014,olma,28,april,2017,3,semi-closed
20.63376667,2.256,25,NFB0014,olma,28,april,2017,3,semi-closed
21.06919,2.16,25,NFB0014,olma,28,april,2017,3,semi-closed
21.48149167,2.016,25,NFB0014,olma,28,april,2017,3,semi-closed
21.94824833,2.112,25,NFB0014,olma,28,april,2017,3,semi-closed
22.366895,2.256,25,NFB0014,olma,28,april,2017,3,semi-closed
22.80861167,2.208,25,NFB0014,olma,28,april,2017,3,semi-closed
5.940606667,1.872,10,NFB0009,arha,2,may,2017,1,closed
6.386381667,1.896,10,NFB0009,arha,2,may,2017,1,closed
6.828038333,1.8,10,NFB0009,arha,2,may,2017,1,closed
7.194423333,1.68,10,NFB0009,arha,2,may,2017,1,closed
7.65282,1.56,10,NFB0009,arha,2,may,2017,1,closed
8.121723333,1.824,10,NFB0009,arha,2,may,2017,1,closed
8.540296667,1.68,10,NFB0009,arha,2,may,2017,1,closed
8.956901667,2.088,10,NFB0009,arha,2,may,2017,1,closed
9.425828333,1.728,10,NFB0009,arha,2,may,2017,1,closed
9.869518333,2.568,10,NFB0009,arha,2,may,2017,1,closed
10.30284167,1.776,15,NFB0009,arha,2,may,2017,1,closed
10.70898333,1.536,15,NFB0009,arha,2,may,2017,1,closed
11.15492833,2.232,15,NFB0009,arha,2,may,2017,1,closed
11.586105,1.584,15,NFB0009,arha,2,may,2017,1,closed
12.025755,1.416,15,NFB0009,arha,2,may,2017,1,closed
12.43188167,1.584,15,NFB0009,arha,2,may,2017,1,closed
12.89871333,1.56,15,NFB0009,arha,2,may,2017,1,closed
13.32780667,1.656,15,NFB0009,arha,2,may,2017,1,closed
13.756945,1.656,15,NFB0009,arha,2,may,2017,1,closed
14.194355,1.656,15,NFB0009,arha,2,may,2017,1,closed
14.62558333,2.88,15,NFB0009,arha,2,may,2017,1,closed
15.04219,3.48,20,NFB0009,arha,2,may,2017,1,closed
15.48606833,2.784,20,NFB0009,arha,2,may,2017,1,closed
15.91935,1.632,20,NFB0009,arha,2,may,2017,1,closed
16.33797333,2.472,20,NFB0009,arha,2,may,2017,1,closed
16.78794667,3.192,20,NFB0009,arha,2,may,2017,1,closed
17.219135,2.784,20,NFB0009,arha,2,may,2017,1,closed
17.64615333,2.016,20,NFB0009,arha,2,may,2017,1,closed
18.09625,2.808,20,NFB0009,arha,2,may,2017,1,closed
18.52743833,2.496,20,NFB0009,arha,2,may,2017,1,closed
18.95027833,1.848,20,NFB0009,arha,2,may,2017,1,closed
19.387815,2.64,20,NFB0009,arha,2,may,2017,1,closed
19.82536,2.568,20,NFB0009,arha,2,may,2017,1,closed
20.25230167,2.784,25,NFB0009,arha,2,may,2017,1,closed
20.68563833,2.328,25,NFB0009,arha,2,may,2017,1,closed
21.12314,2.04,25,NFB0009,arha,2,may,2017,1,closed
21.57103833,3,25,NFB0009,arha,2,may,2017,1,closed
22.002245,1.992,25,NFB0009,arha,2,may,2017,1,closed
22.43354833,1.584,25,NFB0009,arha,2,may,2017,1,closed
22.87527,1.704,25,NFB0009,arha,2,may,2017,1,closed
23.28349,1.728,25,NFB0009,arha,2,may,2017,1,closed
23.72316667,1.92,25,NFB0009,arha,2,may,2017,1,closed
24.164845,2.4,25,NFB0009,arha,2,may,2017,1,closed
24.59193,2.232,25,NFB0009,arha,2,may,2017,1,closed
25.02938333,2.904,30,NFB0009,arha,2,may,2017,1,closed
25.45845667,2.232,30,NFB0009,arha,2,may,2017,1,closed
25.90429,2.256,30,NFB0009,arha,2,may,2017,1,closed
26.33551833,2.52,30,NFB0009,arha,2,may,2017,1,closed
26.77089,2.04,30,NFB0009,arha,2,may,2017,1,closed
27.193725,1.632,30,NFB0009,arha,2,may,2017,1,closed
27.63538167,1.584,30,NFB0009,arha,2,may,2017,1,closed
28.06041667,1.464,30,NFB0009,arha,2,may,2017,1,closed
28.48119,1.464,30,NFB0009,arha,2,may,2017,1,closed
28.93541,1.464,30,NFB0009,arha,2,may,2017,1,closed
29.354065,1.416,30,NFB0009,arha,2,may,2017,1,closed
29.816675,1.464,30,NFB0009,arha,2,may,2017,1,closed
30.224845,2.088,35,NFB0009,arha,2,may,2017,1,closed
30.65394167,1.248,35,NFB0009,arha,2,may,2017,1,closed
31.08524333,1.464,35,NFB0009,arha,2,may,2017,1,closed
31.95176333,1.584,35,NFB0009,arha,2,may,2017,1,closed
32.39563333,1.536,35,NFB0009,arha,2,may,2017,1,closed
32.82897167,1.656,35,NFB0009,arha,2,may,2017,1,closed
33.260165,1.512,35,NFB0009,arha,2,may,2017,1,closed
33.720625,1.872,35,NFB0009,arha,2,may,2017,1,closed
34.13301333,1.44,35,NFB0009,arha,2,may,2017,1,closed
34.57250833,2.448,35,NFB0009,arha,2,may,2017,1,closed
34.99741167,1.584,35,NFB0009,arha,2,may,2017,1,closed
35.43065333,1.536,40,NFB0009,arha,2,may,2017,1,closed
35.85959833,1.728,40,NFB0009,arha,2,may,2017,1,closed
36.297155,1.488,40,NFB0009,arha,2,may,2017,1,closed
36.73047833,1.632,40,NFB0009,arha,2,may,2017,1,closed
37.16167333,1.512,40,NFB0009,arha,2,may,2017,1,closed
37.59704833,1.512,40,NFB0009,arha,2,may,2017,1,closed
38.03238333,1.8,40,NFB0009,arha,2,may,2017,1,closed
38.47618833,2.304,40,NFB0009,arha,2,may,2017,1,closed
38.89693,2.424,40,NFB0009,arha,2,may,2017,1,closed
39.31559333,1.992,40,NFB0009,arha,2,may,2017,1,closed
39.790755,2.448,40,NFB0009,arha,2,may,2017,1,closed
40.20513833,1.896,45,NFB0009,arha,2,may,2017,1,closed
40.62168833,1.968,45,NFB0009,arha,2,may,2017,1,closed
41.06955667,1.656,45,NFB0009,arha,2,may,2017,1,closed
41.54057667,3.864,45,NFB0009,arha,2,may,2017,1,closed
41.944565,1.8,45,NFB0009,arha,2,may,2017,1,closed
42.37155667,1.896,45,NFB0009,arha,2,may,2017,1,closed
42.77347667,1.944,45,NFB0009,arha,2,may,2017,1,closed
43.23183333,1.872,45,NFB0009,arha,2,may,2017,1,closed
43.66095667,1.656,45,NFB0009,arha,2,may,2017,1,closed
44.09424667,1.992,45,NFB0009,arha,2,may,2017,1,closed
44.52959333,2.256,45,NFB0009,arha,2,may,2017,1,closed
44.95874667,2.04,45,NFB0009,arha,2,may,2017,1,closed
45.39211167,1.68,50,NFB0009,arha,2,may,2017,1,closed
45.84206,1.728,50,NFB0009,arha,2,may,2017,1,closed
46.26069167,1.92,50,NFB0009,arha,2,may,2017,1,closed
46.681345,1.752,50,NFB0009,arha,2,may,2017,1,closed
47.11465167,1.92,50,NFB0009,arha,2,may,2017,1,closed
47.55839333,2.088,50,NFB0009,arha,2,may,2017,1,closed
48.00214667,1.68,50,NFB0009,arha,2,may,2017,1,closed
48.43753167,1.848,50,NFB0009,arha,2,may,2017,1,closed
48.874985,2.328,50,NFB0009,arha,2,may,2017,1,closed
49.29782667,1.872,50,NFB0009,arha,2,may,2017,1,closed
49.739445,1.92,50,NFB0009,arha,2,may,2017,1,closed
50.15809333,1.68,55,NFB0009,arha,2,may,2017,1,closed
50.582985,1.704,55,NFB0009,arha,2,may,2017,1,closed
51.04139667,2.952,55,NFB0009,arha,2,may,2017,1,closed
51.411935,2.904,55,NFB0009,arha,2,may,2017,1,closed
51.88703833,1.656,55,NFB0009,arha,2,may,2017,1,closed
52.334955,1.44,55,NFB0009,arha,2,may,2017,1,closed
53.18902833,1.584,55,NFB0009,arha,2,may,2017,1,closed
53.60978167,2.304,55,NFB0009,arha,2,may,2017,1,closed
54.053515,2.064,55,NFB0009,arha,2,may,2017,1,closed
54.48678833,1.392,55,NFB0009,arha,2,may,2017,1,closed
54.92417833,1.536,55,NFB0009,arha,2,may,2017,1,closed
55.35745,1.416,60,NFB0009,arha,2,may,2017,1,closed
55.811595,1.512,60,NFB0009,arha,2,may,2017,1,closed
56.23032667,1.56,60,NFB0009,arha,2,may,2017,1,closed
56.66355833,1.536,60,NFB0009,arha,2,may,2017,1,closed
57.09475167,1.68,60,NFB0009,arha,2,may,2017,1,closed
57.52809833,1.512,60,NFB0009,arha,2,may,2017,1,closed
57.95733333,1.656,60,NFB0009,arha,2,may,2017,1,closed
58.39059667,1.68,60,NFB0009,arha,2,may,2017,1,closed
58.82598667,1.512,60,NFB0009,arha,2,may,2017,1,closed
59.255015,1.56,60,NFB0009,arha,2,may,2017,1,closed
59.68615167,1.824,60,NFB0009,arha,2,may,2017,1,closed
60.12353333,1.56,65,NFB0009,arha,2,may,2017,1,closed
60.55267833,2.904,65,NFB0009,arha,2,may,2017,1,closed
61.00479,2.544,65,NFB0009,arha,2,may,2017,1,closed
61.440195,3.144,65,NFB0009,arha,2,may,2017,1,closed
61.85031,1.68,65,NFB0009,arha,2,may,2017,1,closed
62.30244167,1.536,65,NFB0009,arha,2,may,2017,1,closed
62.72104333,1.872,65,NFB0009,arha,2,may,2017,1,closed
63.152245,1.776,65,NFB0009,arha,2,may,2017,1,closed
63.58558667,2.064,65,NFB0009,arha,2,may,2017,1,closed
64.020965,1.896,65,NFB0009,arha,2,may,2017,1,closed
64.445815,1.776,65,NFB0009,arha,2,may,2017,1,closed
64.88952167,1.656,65,NFB0009,arha,2,may,2017,1,closed
65.32074833,1.632,70,NFB0009,arha,2,may,2017,1,closed
65.75619333,1.632,70,NFB0009,arha,2,may,2017,1,closed
66.18527,1.632,70,NFB0009,arha,2,may,2017,1,closed
66.620595,1.68,70,NFB0009,arha,2,may,2017,1,closed
9.417698333,2.376699029,10,NFB0010,arha,2,may,2017,1,closed
9.84281,2.306796117,10,NFB0010,arha,2,may,2017,1,closed
10.26985,2.411650485,15,NFB0010,arha,2,may,2017,1,closed
10.70527167,2.236893204,15,NFB0010,arha,2,may,2017,1,closed
11.57804833,2.201941748,15,NFB0010,arha,2,may,2017,1,closed
12.87585333,2.341747573,15,NFB0010,arha,2,may,2017,1,closed
13.31963667,1.887378641,15,NFB0010,arha,2,may,2017,1,closed
13.74251333,2.201941748,15,NFB0010,arha,2,may,2017,1,closed
14.16116833,2.551456311,15,NFB0010,arha,2,may,2017,1,closed
14.64894333,4.054368932,15,NFB0010,arha,2,may,2017,1,closed
22.83973,2.236893204,25,NFB0010,arha,2,may,2017,1,closed
23.287705,2.166990291,25,NFB0010,arha,2,may,2017,1,closed
23.70842167,2.27184466,25,NFB0010,arha,2,may,2017,1,closed
24.15208667,2.306796117,25,NFB0010,arha,2,may,2017,1,closed
24.57705333,2.341747573,25,NFB0010,arha,2,may,2017,1,closed
25.02079333,2.516504854,30,NFB0010,arha,2,may,2017,1,closed
25.44790333,2.27184466,30,NFB0010,arha,2,may,2017,1,closed
25.872785,2.306796117,30,NFB0010,arha,2,may,2017,1,closed
26.30820333,2.27184466,30,NFB0010,arha,2,may,2017,1,closed
26.76875333,2.27184466,30,NFB0010,arha,2,may,2017,1,closed
27.19367,2.201941748,30,NFB0010,arha,2,may,2017,1,closed
27.622715,2.306796117,30,NFB0010,arha,2,may,2017,1,closed
28.07686,2.062135922,30,NFB0010,arha,2,may,2017,1,closed
28.48086167,2.132038835,30,NFB0010,arha,2,may,2017,1,closed
28.926735,2.166990291,30,NFB0010,arha,2,may,2017,1,closed
29.341205,2.236893204,30,NFB0010,arha,2,may,2017,1,closed
29.791305,2.27184466,30,NFB0010,arha,2,may,2017,1,closed
30.64939167,2.27184466,35,NFB0010,arha,2,may,2017,1,closed
31.08478,2.201941748,35,NFB0010,arha,2,may,2017,1,closed
31.52223,2.062135922,35,NFB0010,arha,2,may,2017,1,closed
31.96587667,2.551456311,35,NFB0010,arha,2,may,2017,1,closed
32.39701333,2.201941748,35,NFB0010,arha,2,may,2017,1,closed
32.81988,2.306796117,35,NFB0010,arha,2,may,2017,1,closed
33.24263667,2.132038835,35,NFB0010,arha,2,may,2017,1,closed
33.69065,2.341747573,35,NFB0010,arha,2,may,2017,1,closed
34.10722,1.99223301,35,NFB0010,arha,2,may,2017,1,closed
34.557205,2.27184466,35,NFB0010,arha,2,may,2017,1,closed
34.98851167,2.132038835,35,NFB0010,arha,2,may,2017,1,closed
35.41552333,2.132038835,40,NFB0010,arha,2,may,2017,1,closed
35.853085,1.99223301,40,NFB0010,arha,2,may,2017,1,closed
36.28855833,2.097087379,40,NFB0010,arha,2,may,2017,1,closed
36.726075,2.132038835,40,NFB0010,arha,2,may,2017,1,closed
37.15307,2.062135922,40,NFB0010,arha,2,may,2017,1,closed
37.596765,2.481553398,40,NFB0010,arha,2,may,2017,1,closed
38.021795,2.097087379,40,NFB0010,arha,2,may,2017,1,closed
38.45082667,2.691262136,40,NFB0010,arha,2,may,2017,1,closed
38.89044,3.355339806,40,NFB0010,arha,2,may,2017,1,closed
39.31121333,2.831067961,40,NFB0010,arha,2,may,2017,1,closed
39.77380333,2.831067961,40,NFB0010,arha,2,may,2017,1,closed
40.22383667,3.425242718,45,NFB0010,arha,2,may,2017,1,closed
40.594405,2.621359223,45,NFB0010,arha,2,may,2017,1,closed
41.07372333,3.6,45,NFB0010,arha,2,may,2017,1,closed
41.47982833,2.481553398,45,NFB0010,arha,2,may,2017,1,closed
41.88795833,3.355339806,45,NFB0010,arha,2,may,2017,1,closed
42.35466667,2.236893204,45,NFB0010,arha,2,may,2017,1,closed
42.77957667,2.65631068,45,NFB0010,arha,2,may,2017,1,closed
43.24629667,2.551456311,45,NFB0010,arha,2,may,2017,1,closed
44.10035333,2.551456311,45,NFB0010,arha,2,may,2017,1,closed
44.52740333,3.110679612,45,NFB0010,arha,2,may,2017,1,closed
44.97326833,2.691262136,45,NFB0010,arha,2,may,2017,1,closed
45.43802167,4.473786408,50,NFB0010,arha,2,may,2017,1,closed
45.82938333,3.809708738,50,NFB0010,arha,2,may,2017,1,closed
46.256465,5.382524272,50,NFB0010,arha,2,may,2017,1,closed
46.654195,3.355339806,50,NFB0010,arha,2,may,2017,1,closed
47.12517167,4.333980583,50,NFB0010,arha,2,may,2017,1,closed
47.54593167,2.446601942,50,NFB0010,arha,2,may,2017,1,closed
47.98963167,2.93592233,50,NFB0010,arha,2,may,2017,1,closed
48.412425,2.970873786,50,NFB0010,arha,2,may,2017,1,closed
48.87088833,5.137864078,50,NFB0010,arha,2,may,2017,1,closed
49.29999333,4.368932039,50,NFB0010,arha,2,may,2017,1,closed
49.72076333,4.613592233,50,NFB0010,arha,2,may,2017,1,closed
50.17084333,4.403883495,55,NFB0010,arha,2,may,2017,1,closed
50.58533833,3.32038835,55,NFB0010,arha,2,may,2017,1,closed
51.02707667,2.201941748,55,NFB0010,arha,2,may,2017,1,closed
51.45836833,2.691262136,55,NFB0010,arha,2,may,2017,1,closed
51.895755,2.236893204,55,NFB0010,arha,2,may,2017,1,closed
52.308135,2.621359223,55,NFB0010,arha,2,may,2017,1,closed
52.745505,2.970873786,55,NFB0010,arha,2,may,2017,1,closed
53.15788333,2.166990291,55,NFB0010,arha,2,may,2017,1,closed
53.61205833,2.586407767,55,NFB0010,arha,2,may,2017,1,closed
54.04742,2.201941748,55,NFB0010,arha,2,may,2017,1,closed
54.47652667,2.27184466,55,NFB0010,arha,2,may,2017,1,closed
54.91616,2.166990291,55,NFB0010,arha,2,may,2017,1,closed
55.32634833,2.586407767,60,NFB0010,arha,2,may,2017,1,closed
55.77217833,2.481553398,60,NFB0010,arha,2,may,2017,1,closed
56.21603167,2.201941748,60,NFB0010,arha,2,may,2017,1,closed
56.642925,2.621359223,60,NFB0010,arha,2,may,2017,1,closed
57.08451667,2.166990291,60,NFB0010,arha,2,may,2017,1,closed
57.515645,2.831067961,60,NFB0010,arha,2,may,2017,1,closed
57.94263167,2.166990291,60,NFB0010,arha,2,may,2017,1,closed
58.38011167,2.411650485,60,NFB0010,arha,2,may,2017,1,closed
58.82176667,2.411650485,60,NFB0010,arha,2,may,2017,1,closed
59.26768833,1.99223301,60,NFB0010,arha,2,may,2017,1,closed
59.68628833,2.201941748,60,NFB0010,arha,2,may,2017,1,closed
60.12587833,2.27184466,65,NFB0010,arha,2,may,2017,1,closed
60.56744667,2.097087379,65,NFB0010,arha,2,may,2017,1,closed
60.98385833,2.27184466,65,NFB0010,arha,2,may,2017,1,closed
61.42964333,2.306796117,65,NFB0010,arha,2,may,2017,1,closed
61.86299167,2.097087379,65,NFB0010,arha,2,may,2017,1,closed
62.289995,2.236893204,65,NFB0010,arha,2,may,2017,1,closed
62.71277833,2.900970874,65,NFB0010,arha,2,may,2017,1,closed
63.154505,2.586407767,65,NFB0010,arha,2,may,2017,1,closed
63.54595667,2.341747573,65,NFB0010,arha,2,may,2017,1,closed
64.00023667,2.900970874,65,NFB0010,arha,2,may,2017,1,closed
64.44184333,2.516504854,65,NFB0010,arha,2,may,2017,1,closed
64.85627333,2.341747573,65,NFB0010,arha,2,may,2017,1,closed
65.30836333,3.774757282,70,NFB0010,arha,2,may,2017,1,closed
65.76447,4.858252427,70,NFB0010,arha,2,may,2017,1,closed
66.19777833,3.005825243,70,NFB0010,arha,2,may,2017,1,closed
66.62267833,2.481553398,70,NFB0010,arha,2,may,2017,1,closed
9.474121667,1.076923077,10,NFB0012,arha,2,may,2017,1,closed
9.876063333,1.6,10,NFB0012,arha,2,may,2017,1,closed
10.31774,1.415384615,15,NFB0012,arha,2,may,2017,1,closed
10.74475667,1.6,15,NFB0012,arha,2,may,2017,1,closed
11.18227,1.261538462,15,NFB0012,arha,2,may,2017,1,closed
11.59879667,2.153846154,15,NFB0012,arha,2,may,2017,1,closed
12.47375833,1.661538462,15,NFB0012,arha,2,may,2017,1,closed
12.92804167,1.230769231,15,NFB0012,arha,2,may,2017,1,closed
13.35497833,1.630769231,15,NFB0012,arha,2,may,2017,1,closed
13.81125667,2.184615385,15,NFB0012,arha,2,may,2017,1,closed
14.22578333,1.2,15,NFB0012,arha,2,may,2017,1,closed
14.65067,3.907692308,15,NFB0012,arha,2,may,2017,1,closed
15.10711833,2,20,NFB0012,arha,2,may,2017,1,closed
15.511205,1.753846154,20,NFB0012,arha,2,may,2017,1,closed
15.96337167,1.630769231,20,NFB0012,arha,2,may,2017,1,closed
16.37571667,1.753846154,20,NFB0012,arha,2,may,2017,1,closed
16.798665,1.446153846,20,NFB0012,arha,2,may,2017,1,closed
17.23612667,1.476923077,20,NFB0012,arha,2,may,2017,1,closed
17.67352333,1.692307692,20,NFB0012,arha,2,may,2017,1,closed
18.10680167,1.292307692,20,NFB0012,arha,2,may,2017,1,closed
18.53807667,1.384615385,20,NFB0012,arha,2,may,2017,1,closed
18.9631,1.323076923,20,NFB0012,arha,2,may,2017,1,closed
19.37956667,2.030769231,20,NFB0012,arha,2,may,2017,1,closed
19.852625,1.353846154,20,NFB0012,arha,2,may,2017,1,closed
20.28388167,1.507692308,25,NFB0012,arha,2,may,2017,1,closed
20.71920833,1.815384615,25,NFB0012,arha,2,may,2017,1,closed
21.144055,1.692307692,25,NFB0012,arha,2,may,2017,1,closed
21.579375,1.261538462,25,NFB0012,arha,2,may,2017,1,closed
22.03776833,1.753846154,25,NFB0012,arha,2,may,2017,1,closed
22.44802833,1.292307692,25,NFB0012,arha,2,may,2017,1,closed
22.92532333,1.6,25,NFB0012,arha,2,may,2017,1,closed
23.30633833,1.292307692,25,NFB0012,arha,2,may,2017,1,closed
23.72919,2.430769231,25,NFB0012,arha,2,may,2017,1,closed
24.177145,1.723076923,25,NFB0012,arha,2,may,2017,1,closed
24.61052167,0.984615385,25,NFB0012,arha,2,may,2017,1,closed
25.05427833,2.369230769,30,NFB0012,arha,2,may,2017,1,closed
25.50222333,1.661538462,30,NFB0012,arha,2,may,2017,1,closed
25.89361833,2.646153846,30,NFB0012,arha,2,may,2017,1,closed
26.339355,1.907692308,30,NFB0012,arha,2,may,2017,1,closed
26.75595667,2.923076923,30,NFB0012,arha,2,may,2017,1,closed
27.20399667,1.907692308,30,NFB0012,arha,2,may,2017,1,closed
27.62678167,1.384615385,30,NFB0012,arha,2,may,2017,1,closed
28.04121833,2.092307692,30,NFB0012,arha,2,may,2017,1,closed
28.48291833,2.553846154,30,NFB0012,arha,2,may,2017,1,closed
28.92667333,1.261538462,30,NFB0012,arha,2,may,2017,1,closed
29.36416,1.569230769,30,NFB0012,arha,2,may,2017,1,closed
29.795395,1.815384615,30,NFB0012,arha,2,may,2017,1,closed
30.23502167,1.6,35,NFB0012,arha,2,may,2017,1,closed
30.65572833,1.569230769,35,NFB0012,arha,2,may,2017,1,closed
31.114185,1.846153846,35,NFB0012,arha,2,may,2017,1,closed
31.52657833,1.661538462,35,NFB0012,arha,2,may,2017,1,closed
31.95994167,1.846153846,35,NFB0012,arha,2,may,2017,1,closed
32.391125,1.569230769,35,NFB0012,arha,2,may,2017,1,closed
32.84328333,1.353846154,35,NFB0012,arha,2,may,2017,1,closed
33.25973,2,35,NFB0012,arha,2,may,2017,1,closed
33.67632667,1.630769231,35,NFB0012,arha,2,may,2017,1,closed
34.10959,1.846153846,35,NFB0012,arha,2,may,2017,1,closed
34.56377,1.661538462,35,NFB0012,arha,2,may,2017,1,closed
35.00753333,1.538461538,40,NFB0012,arha,2,may,2017,1,closed
35.43031667,1.415384615,40,NFB0012,arha,2,may,2017,1,closed
35.848925,1.446153846,40,NFB0012,arha,2,may,2017,1,closed
36.30529167,1.538461538,40,NFB0012,arha,2,may,2017,1,closed
36.73031,1.507692308,40,NFB0012,arha,2,may,2017,1,closed
37.16362833,1.323076923,40,NFB0012,arha,2,may,2017,1,closed
37.59482333,1.446153846,40,NFB0012,arha,2,may,2017,1,closed
38.030165,1.661538462,40,NFB0012,arha,2,may,2017,1,closed
38.47199833,1.569230769,40,NFB0012,arha,2,may,2017,1,closed
38.88645167,2.123076923,40,NFB0012,arha,2,may,2017,1,closed
39.321805,2,40,NFB0012,arha,2,may,2017,1,closed
39.776035,1.569230769,40,NFB0012,arha,2,may,2017,1,closed
40.1884,2.184615385,45,NFB0012,arha,2,may,2017,1,closed
40.63004,1.415384615,45,NFB0012,arha,2,may,2017,1,closed
41.05509333,2.061538462,45,NFB0012,arha,2,may,2017,1,closed
41.500975,1.323076923,45,NFB0012,arha,2,may,2017,1,closed
41.94895667,1.815384615,45,NFB0012,arha,2,may,2017,1,closed
43.23837,0.984615385,45,NFB0012,arha,2,may,2017,1,closed
43.711455,1.907692308,45,NFB0012,arha,2,may,2017,1,closed
44.09230167,0.676923077,45,NFB0012,arha,2,may,2017,1,closed
44.56313333,1.661538462,45,NFB0012,arha,2,may,2017,1,closed
44.98174667,1.415384615,45,NFB0012,arha,2,may,2017,1,closed
45.43385,1.107692308,50,NFB0012,arha,2,may,2017,1,closed
45.87966167,1.415384615,50,NFB0012,arha,2,may,2017,1,closed
46.26268167,1.169230769,50,NFB0012,arha,2,may,2017,1,closed
46.70017,1.323076923,50,NFB0012,arha,2,may,2017,1,closed
47.141775,1.6,50,NFB0012,arha,2,may,2017,1,closed
47.58967833,1.507692308,50,NFB0012,arha,2,may,2017,1,closed
48.02501333,1.507692308,50,NFB0012,arha,2,may,2017,1,closed
48.468815,1.076923077,50,NFB0012,arha,2,may,2017,1,closed
48.87905833,1.938461538,50,NFB0012,arha,2,may,2017,1,closed
49.30607333,0.984615385,50,NFB0012,arha,2,may,2017,1,closed
49.74354,1.323076923,50,NFB0012,arha,2,may,2017,1,closed
51.478645,1.015384615,55,NFB0012,arha,2,may,2017,1,closed
51.94547833,1.015384615,55,NFB0012,arha,2,may,2017,1,closed
52.39761833,1.876923077,55,NFB0012,arha,2,may,2017,1,closed
52.791185,0.676923077,55,NFB0012,arha,2,may,2017,1,closed
53.66414667,0.923076923,55,NFB0012,arha,2,may,2017,1,closed
54.54124333,1.507692308,55,NFB0012,arha,2,may,2017,1,closed
54.96403167,1.569230769,55,NFB0012,arha,2,may,2017,1,closed
55.805305,0.984615385,60,NFB0012,arha,2,may,2017,1,closed
56.24272833,0.861538462,60,NFB0012,arha,2,may,2017,1,closed
56.69275333,0.830769231,60,NFB0012,arha,2,may,2017,1,closed
57.146955,1.969230769,60,NFB0012,arha,2,may,2017,1,closed
57.55299167,1.538461538,60,NFB0012,arha,2,may,2017,1,closed
58.85089,0.923076923,60,NFB0012,arha,2,may,2017,1,closed
59.27574333,0.461538462,60,NFB0012,arha,2,may,2017,1,closed
59.72792333,1.323076923,60,NFB0012,arha,2,may,2017,1,closed
60.14655167,2.061538462,65,NFB0012,arha,2,may,2017,1,closed
60.59662167,1.661538462,65,NFB0012,arha,2,may,2017,1,closed
61.011065,1.138461538,65,NFB0012,arha,2,may,2017,1,closed
5.090721667,1.502912621,10,NFB0014,arha,2,may,2017,1,closed
5.494693333,1.32815534,10,NFB0014,arha,2,may,2017,1,closed
5.94067,1.433009709,10,NFB0014,arha,2,may,2017,1,closed
6.384528333,1.398058252,10,NFB0014,arha,2,may,2017,1,closed
6.832476667,1.572815534,10,NFB0014,arha,2,may,2017,1,closed
7.251095,1.363106796,10,NFB0014,arha,2,may,2017,1,closed
7.697056667,1.642718447,10,NFB0014,arha,2,may,2017,1,closed
8.122073333,1.398058252,10,NFB0014,arha,2,may,2017,1,closed
8.551201667,1.537864078,10,NFB0014,arha,2,may,2017,1,closed
9.005555,1.467961165,10,NFB0014,arha,2,may,2017,1,closed
9.441063333,1.502912621,10,NFB0014,arha,2,may,2017,1,closed
9.857718333,1.467961165,10,NFB0014,arha,2,may,2017,1,closed
10.31817667,1.677669903,15,NFB0014,arha,2,may,2017,1,closed
10.73675833,1.572815534,15,NFB0014,arha,2,may,2017,1,closed
11.170095,1.537864078,15,NFB0014,arha,2,may,2017,1,closed
11.61806333,1.467961165,15,NFB0014,arha,2,may,2017,1,closed
12.02432167,1.467961165,15,NFB0014,arha,2,may,2017,1,closed
12.474305,1.433009709,15,NFB0014,arha,2,may,2017,1,closed
12.90979833,1.502912621,15,NFB0014,arha,2,may,2017,1,closed
13.32222167,1.258252427,15,NFB0014,arha,2,may,2017,1,closed
13.74923833,1.433009709,15,NFB0014,arha,2,may,2017,1,closed
14.19942333,1.467961165,15,NFB0014,arha,2,may,2017,1,closed
14.618125,3.914563107,15,NFB0014,arha,2,may,2017,1,closed
15.05982333,2.027184466,20,NFB0014,arha,2,may,2017,1,closed
15.49944333,1.782524272,20,NFB0014,arha,2,may,2017,1,closed
15.92641,2.516504854,20,NFB0014,arha,2,may,2017,1,closed
16.35134167,1.433009709,20,NFB0014,arha,2,may,2017,1,closed
16.78259667,2.062135922,20,NFB0014,arha,2,may,2017,1,closed
17.22630167,1.642718447,20,NFB0014,arha,2,may,2017,1,closed
17.659635,1.572815534,20,NFB0014,arha,2,may,2017,1,closed
18.11599333,1.60776699,20,NFB0014,arha,2,may,2017,1,closed
18.51575167,1.572815534,20,NFB0014,arha,2,may,2017,1,closed
18.94702,1.817475728,20,NFB0014,arha,2,may,2017,1,closed
19.40336167,1.502912621,20,NFB0014,arha,2,may,2017,1,closed
19.82830833,1.433009709,20,NFB0014,arha,2,may,2017,1,closed
20.244895,1.852427184,25,NFB0014,arha,2,may,2017,1,closed
20.72201833,1.99223301,25,NFB0014,arha,2,may,2017,1,closed
21.11973,1.677669903,25,NFB0014,arha,2,may,2017,1,closed
21.55511333,1.712621359,25,NFB0014,arha,2,may,2017,1,closed
22.01362167,1.922330097,25,NFB0014,arha,2,may,2017,1,closed
22.40723333,3.669902913,25,NFB0014,arha,2,may,2017,1,closed
22.87607667,1.398058252,25,NFB0014,arha,2,may,2017,1,closed
23.31136167,1.642718447,25,NFB0014,arha,2,may,2017,1,closed
23.73419333,2.097087379,25,NFB0014,arha,2,may,2017,1,closed
24.18422,1.712621359,25,NFB0014,arha,2,may,2017,1,closed
24.60488333,1.572815534,25,NFB0014,arha,2,may,2017,1,closed
25.04642,1.502912621,30,NFB0014,arha,2,may,2017,1,closed
25.454485,1.398058252,30,NFB0014,arha,2,may,2017,1,closed
25.86896667,1.922330097,30,NFB0014,arha,2,may,2017,1,closed
27.21286,1.677669903,30,NFB0014,arha,2,may,2017,1,closed
27.62943667,1.502912621,30,NFB0014,arha,2,may,2017,1,closed
28.05862667,1.537864078,30,NFB0014,arha,2,may,2017,1,closed
28.48991333,1.467961165,30,NFB0014,arha,2,may,2017,1,closed
28.929625,1.502912621,30,NFB0014,arha,2,may,2017,1,closed
29.362965,1.502912621,30,NFB0014,arha,2,may,2017,1,closed
29.79216833,1.502912621,30,NFB0014,arha,2,may,2017,1,closed
30.229575,1.677669903,35,NFB0014,arha,2,may,2017,1,closed
30.66489,1.433009709,35,NFB0014,arha,2,may,2017,1,closed
31.08981167,1.32815534,35,NFB0014,arha,2,may,2017,1,closed
31.53989,1.677669903,35,NFB0014,arha,2,may,2017,1,closed
31.96060667,1.502912621,35,NFB0014,arha,2,may,2017,1,closed
32.38762833,1.502912621,35,NFB0014,arha,2,may,2017,1,closed
32.83761667,1.642718447,35,NFB0014,arha,2,may,2017,1,closed
33.25839167,1.433009709,35,NFB0014,arha,2,may,2017,1,closed
33.69806333,1.537864078,35,NFB0014,arha,2,may,2017,1,closed
34.13346167,1.433009709,35,NFB0014,arha,2,may,2017,1,closed
34.57506,1.433009709,35,NFB0014,arha,2,may,2017,1,closed
35.014645,1.852427184,40,NFB0014,arha,2,may,2017,1,closed
35.439775,1.572815534,40,NFB0014,arha,2,may,2017,1,closed
35.86473667,1.363106796,40,NFB0014,arha,2,may,2017,1,closed
36.29187,1.642718447,40,NFB0014,arha,2,may,2017,1,closed
36.72723833,1.502912621,40,NFB0014,arha,2,may,2017,1,closed
37.15425167,1.502912621,40,NFB0014,arha,2,may,2017,1,closed
37.59795333,1.572815534,40,NFB0014,arha,2,may,2017,1,closed
38.03343167,1.957281553,40,NFB0014,arha,2,may,2017,1,closed
38.47297167,1.502912621,40,NFB0014,arha,2,may,2017,1,closed
38.89571,1.99223301,40,NFB0014,arha,2,may,2017,1,closed
39.33309167,1.60776699,40,NFB0014,arha,2,may,2017,1,closed
39.77055,1.398058252,40,NFB0014,arha,2,may,2017,1,closed
40.201765,1.572815534,45,NFB0014,arha,2,may,2017,1,closed
40.63923833,1.502912621,45,NFB0014,arha,2,may,2017,1,closed
41.064145,1.747572816,45,NFB0014,arha,2,may,2017,1,closed
41.49954333,2.201941748,45,NFB0014,arha,2,may,2017,1,closed
41.92656167,1.433009709,45,NFB0014,arha,2,may,2017,1,closed
42.372365,1.363106796,45,NFB0014,arha,2,may,2017,1,closed
42.81823667,1.537864078,45,NFB0014,arha,2,may,2017,1,closed
43.23267167,1.467961165,45,NFB0014,arha,2,may,2017,1,closed
43.668075,1.642718447,45,NFB0014,arha,2,may,2017,1,closed
44.10758333,1.60776699,45,NFB0014,arha,2,may,2017,1,closed
44.53883333,1.817475728,45,NFB0014,arha,2,may,2017,1,closed
44.970115,1.782524272,45,NFB0014,arha,2,may,2017,1,closed
45.42650167,1.433009709,50,NFB0014,arha,2,may,2017,1,closed
45.81377333,1.99223301,50,NFB0014,arha,2,may,2017,1,closed
46.28038333,1.572815534,50,NFB0014,arha,2,may,2017,1,closed
46.74502,2.446601942,50,NFB0014,arha,2,may,2017,1,closed
47.14697833,1.32815534,50,NFB0014,arha,2,may,2017,1,closed
47.57192667,1.887378641,50,NFB0014,arha,2,may,2017,1,closed
48.00725,2.132038835,50,NFB0014,arha,2,may,2017,1,closed
48.43640667,1.712621359,50,NFB0014,arha,2,may,2017,1,closed
48.87178833,1.712621359,50,NFB0014,arha,2,may,2017,1,closed
49.307105,1.60776699,50,NFB0014,arha,2,may,2017,1,closed
49.74258,1.922330097,50,NFB0014,arha,2,may,2017,1,closed
50.17592333,1.817475728,55,NFB0014,arha,2,may,2017,1,closed
50.59873333,2.132038835,55,NFB0014,arha,2,may,2017,1,closed
51.04665,1.782524272,55,NFB0014,arha,2,may,2017,1,closed
51.46944667,2.097087379,55,NFB0014,arha,2,may,2017,1,closed
51.910965,1.433009709,55,NFB0014,arha,2,may,2017,1,closed
52.34636,1.433009709,55,NFB0014,arha,2,may,2017,1,closed
52.762855,1.60776699,55,NFB0014,arha,2,may,2017,1,closed
53.19826333,1.887378641,55,NFB0014,arha,2,may,2017,1,closed
53.65049833,1.572815534,55,NFB0014,arha,2,may,2017,1,closed
54.081745,1.537864078,55,NFB0014,arha,2,may,2017,1,closed
54.50249167,1.572815534,55,NFB0014,arha,2,may,2017,1,closed
54.93787167,1.712621359,55,NFB0014,arha,2,may,2017,1,closed
55.38164667,1.363106796,60,NFB0014,arha,2,may,2017,1,closed
55.80866167,1.572815534,60,NFB0014,arha,2,may,2017,1,closed
56.241995,1.32815534,60,NFB0014,arha,2,may,2017,1,closed
56.70257333,1.642718447,60,NFB0014,arha,2,may,2017,1,closed
57.10442833,1.60776699,60,NFB0014,arha,2,may,2017,1,closed
57.54612667,1.502912621,60,NFB0014,arha,2,may,2017,1,closed
57.96264333,1.398058252,60,NFB0014,arha,2,may,2017,1,closed
58.37507333,1.782524272,60,NFB0014,arha,2,may,2017,1,closed
58.841945,2.236893204,60,NFB0014,arha,2,may,2017,1,closed
59.24803333,2.726213592,60,NFB0014,arha,2,may,2017,1,closed
59.70440833,1.433009709,60,NFB0014,arha,2,may,2017,1,closed
60.14810333,1.502912621,65,NFB0014,arha,2,may,2017,1,closed
60.545865,2.376699029,65,NFB0014,arha,2,may,2017,1,closed
60.98947,1.887378641,65,NFB0014,arha,2,may,2017,1,closed
61.42282667,1.99223301,65,NFB0014,arha,2,may,2017,1,closed
61.86241833,1.502912621,65,NFB0014,arha,2,may,2017,1,closed
62.28734167,1.572815534,65,NFB0014,arha,2,may,2017,1,closed
62.70587333,3.390291262,65,NFB0014,arha,2,may,2017,1,closed
63.17470333,2.411650485,65,NFB0014,arha,2,may,2017,1,closed
63.603715,2.411650485,65,NFB0014,arha,2,may,2017,1,closed
64.01811667,1.537864078,65,NFB0014,arha,2,may,2017,1,closed
64.430515,1.537864078,65,NFB0014,arha,2,may,2017,1,closed
64.87635,2.341747573,65,NFB0014,arha,2,may,2017,1,closed
65.33680333,2.27184466,70,NFB0014,arha,2,may,2017,1,closed
65.75547,2.166990291,70,NFB0014,arha,2,may,2017,1,closed
66.20332167,1.677669903,70,NFB0014,arha,2,may,2017,1,closed
66.60945167,1.887378641,70,NFB0014,arha,2,may,2017,1,closed
5.16844,2.133333333,10,NFB0009,clgl,6,may,2017,2,closed
5.603901667,2.8,10,NFB0009,clgl,6,may,2017,2,closed
6.037271667,2.133333333,10,NFB0009,clgl,6,may,2017,2,closed
6.455918333,2.133333333,10,NFB0009,clgl,6,may,2017,2,closed
6.89127,2.222222222,10,NFB0009,clgl,6,may,2017,2,closed
7.318245,2.266666667,10,NFB0009,clgl,6,may,2017,2,closed
7.764055,1.822222222,10,NFB0009,clgl,6,may,2017,2,closed
8.19746,2,10,NFB0009,clgl,6,may,2017,2,closed
8.630808333,2.222222222,10,NFB0009,clgl,6,may,2017,2,closed
9.053636667,2.044444444,10,NFB0009,clgl,6,may,2017,2,closed
9.497438333,2.044444444,10,NFB0009,clgl,6,may,2017,2,closed
9.922228333,2.088888889,10,NFB0009,clgl,6,may,2017,2,closed
10.36387667,2,15,NFB0009,clgl,6,may,2017,2,closed
10.782455,1.866666667,15,NFB0009,clgl,6,may,2017,2,closed
11.23251167,1.955555556,15,NFB0009,clgl,6,may,2017,2,closed
11.65320667,2.355555556,15,NFB0009,clgl,6,may,2017,2,closed
12.094845,1.733333333,15,NFB0009,clgl,6,may,2017,2,closed
12.52396833,1.822222222,15,NFB0009,clgl,6,may,2017,2,closed
12.96148667,1.955555556,15,NFB0009,clgl,6,may,2017,2,closed
13.41792,2.088888889,15,NFB0009,clgl,6,may,2017,2,closed
13.83235833,2,15,NFB0009,clgl,6,may,2017,2,closed
14.26147667,2.044444444,15,NFB0009,clgl,6,may,2017,2,closed
14.66334333,2.044444444,15,NFB0009,clgl,6,may,2017,2,closed
15.12383667,1.911111111,20,NFB0009,clgl,6,may,2017,2,closed
15.55920667,1.866666667,20,NFB0009,clgl,6,may,2017,2,closed
15.986215,1.955555556,20,NFB0009,clgl,6,may,2017,2,closed
16.41535833,1.911111111,20,NFB0009,clgl,6,may,2017,2,closed
16.87169,1.733333333,20,NFB0009,clgl,6,may,2017,2,closed
17.313345,2.133333333,20,NFB0009,clgl,6,may,2017,2,closed
17.729925,2.266666667,20,NFB0009,clgl,6,may,2017,2,closed
18.163245,1.822222222,20,NFB0009,clgl,6,may,2017,2,closed
18.58607833,2,20,NFB0009,clgl,6,may,2017,2,closed
19.02785167,1.822222222,20,NFB0009,clgl,6,may,2017,2,closed
19.47160333,2.133333333,20,NFB0009,clgl,6,may,2017,2,closed
19.89035667,1.955555556,20,NFB0009,clgl,6,may,2017,2,closed
20.32571,1.955555556,25,NFB0009,clgl,6,may,2017,2,closed
20.761105,1.911111111,25,NFB0009,clgl,6,may,2017,2,closed
21.19019167,2.088888889,25,NFB0009,clgl,6,may,2017,2,closed
21.619315,1.866666667,25,NFB0009,clgl,6,may,2017,2,closed
22.05054167,2,25,NFB0009,clgl,6,may,2017,2,closed
22.490055,2.044444444,25,NFB0009,clgl,6,may,2017,2,closed
22.92328667,2,25,NFB0009,clgl,6,may,2017,2,closed
23.352345,2,25,NFB0009,clgl,6,may,2017,2,closed
23.79813833,2.044444444,25,NFB0009,clgl,6,may,2017,2,closed
24.21467667,2,25,NFB0009,clgl,6,may,2017,2,closed
24.67314667,2.133333333,25,NFB0009,clgl,6,may,2017,2,closed
25.09390333,2.266666667,30,NFB0009,clgl,6,may,2017,2,closed
25.51890667,1.911111111,30,NFB0009,clgl,6,may,2017,2,closed
25.96475,2.177777778,30,NFB0009,clgl,6,may,2017,2,closed
26.38133833,1.911111111,30,NFB0009,clgl,6,may,2017,2,closed
26.82723,2,30,NFB0009,clgl,6,may,2017,2,closed
27.25628167,2.044444444,30,NFB0009,clgl,6,may,2017,2,closed
27.68333333,2.044444444,30,NFB0009,clgl,6,may,2017,2,closed
28.11871167,2.133333333,30,NFB0009,clgl,6,may,2017,2,closed
28.560375,2.088888889,30,NFB0009,clgl,6,may,2017,2,closed
28.98109333,2.311111111,30,NFB0009,clgl,6,may,2017,2,closed
29.42483167,2.088888889,30,NFB0009,clgl,6,may,2017,2,closed
29.86864833,1.955555556,30,NFB0009,clgl,6,may,2017,2,closed
30.28945,2.311111111,35,NFB0009,clgl,6,may,2017,2,closed
30.73325833,2.133333333,35,NFB0009,clgl,6,may,2017,2,closed
31.14149167,2.488888889,35,NFB0009,clgl,6,may,2017,2,closed
31.58311167,2.222222222,35,NFB0009,clgl,6,may,2017,2,closed
32.016495,2.044444444,35,NFB0009,clgl,6,may,2017,2,closed
32.45628,2.133333333,35,NFB0009,clgl,6,may,2017,2,closed
32.88325167,2.044444444,35,NFB0009,clgl,6,may,2017,2,closed
33.32497,2,35,NFB0009,clgl,6,may,2017,2,closed
33.74979833,1.955555556,35,NFB0009,clgl,6,may,2017,2,closed
34.18309333,2.044444444,35,NFB0009,clgl,6,may,2017,2,closed
34.62474667,1.911111111,35,NFB0009,clgl,6,may,2017,2,closed
35.091615,2.044444444,40,NFB0009,clgl,6,may,2017,2,closed
35.46631667,2.311111111,40,NFB0009,clgl,6,may,2017,2,closed
35.92060833,1.911111111,40,NFB0009,clgl,6,may,2017,2,closed
36.353775,2,40,NFB0009,clgl,6,may,2017,2,closed
36.80384333,2.622222222,40,NFB0009,clgl,6,may,2017,2,closed
37.21829,2.044444444,40,NFB0009,clgl,6,may,2017,2,closed
37.641105,1.911111111,40,NFB0009,clgl,6,may,2017,2,closed
38.08062833,1.866666667,40,NFB0009,clgl,6,may,2017,2,closed
38.50553833,1.955555556,40,NFB0009,clgl,6,may,2017,2,closed
38.94928,1.822222222,40,NFB0009,clgl,6,may,2017,2,closed
39.386795,2.311111111,40,NFB0009,clgl,6,may,2017,2,closed
39.828505,1.733333333,40,NFB0009,clgl,6,may,2017,2,closed
40.23249167,1.822222222,45,NFB0009,clgl,6,may,2017,2,closed
40.67203,2,45,NFB0009,clgl,6,may,2017,2,closed
41.11791667,1.777777778,45,NFB0009,clgl,6,may,2017,2,closed
41.551295,1.955555556,45,NFB0009,clgl,6,may,2017,2,closed
41.99504833,2.177777778,45,NFB0009,clgl,6,may,2017,2,closed
42.422035,2.044444444,45,NFB0009,clgl,6,may,2017,2,closed
42.86367667,1.955555556,45,NFB0009,clgl,6,may,2017,2,closed
43.29488667,1.911111111,45,NFB0009,clgl,6,may,2017,2,closed
43.73032333,2.133333333,45,NFB0009,clgl,6,may,2017,2,closed
44.159385,2.088888889,45,NFB0009,clgl,6,may,2017,2,closed
44.58222833,2.044444444,45,NFB0009,clgl,6,may,2017,2,closed
